"Date","Open","High","Low","Close","Adj Close","Volume"
"2018-01-02",4.894499778747559,4.987500190734863,4.862500190734863,4.983749866485596,4.917025566101074,355616000
"2018-01-03",5.102499961853027,5.34250020980835,5.09375,5.3117499351501465,5.240635871887207,914704000
"2018-01-04",5.394000053405762,5.451250076293945,5.317249774932861,5.339749813079834,5.268261432647705,583268000
"2018-01-05",5.354750156402588,5.422749996185303,5.2769999504089355,5.385000228881836,5.312906742095947,580124000
"2018-01-08",5.510000228881836,5.625,5.4644999504089355,5.550000190734863,5.475696086883545,881216000
"2018-01-09",5.555500030517578,5.5954999923706055,5.466000080108643,5.548500061035156,5.474215984344482,497000000
"2018-01-10",5.454999923706055,5.5954999923706055,5.400000095367432,5.5920000076293945,5.5171332359313965,582664000
"2018-01-11",5.625,5.656750202178955,5.580249786376953,5.6020002365112305,5.526999473571777,406032000
"2018-01-12",5.590000152587891,5.624750137329102,5.5335001945495605,5.57450008392334,5.499866485595703,359916000
"2018-01-16",5.601250171661377,5.687749862670898,5.417250156402588,5.502749919891357,5.429078578948975,702348000
"2018-01-17",5.517499923706055,5.627999782562256,5.422500133514404,5.618000030517578,5.542784690856934,538408000
"2018-01-18",5.598499774932861,5.665999889373779,5.566999912261963,5.611000061035156,5.535879611968994,408632000
"2018-01-19",5.702250003814697,5.777249813079834,5.675000190734863,5.752749919891357,5.675731658935547,609380000
"2018-01-22",5.760749816894531,5.843999862670898,5.702499866485596,5.842249870300293,5.764033317565918,550944000
"2018-01-23",5.896249771118164,5.9957499504089355,5.877500057220459,5.972750186920166,5.892787933349609,475228000
"2018-01-24",5.97599983215332,6.012249946594238,5.838749885559082,5.894999980926514,5.816077709197998,579972000
"2018-01-25",5.949999809265137,5.993750095367432,5.893750190734863,5.908750057220459,5.829643726348877,409884000
"2018-01-26",5.953000068664551,6.083499908447266,5.940000057220459,6.083250045776367,6.001808166503906,516356000
"2018-01-29",6.06850004196167,6.202750205993652,6.015250205993652,6.171249866485596,6.08862829208374,455116000
"2018-01-30",6.027750015258789,6.1605000495910645,5.960249900817871,6.067999839782715,5.986761569976807,570832000
"2018-01-31",6.14424991607666,6.231750011444092,6.111249923706055,6.144999980926514,6.062729358673096,478576000
"2018-02-01",5.9629998207092285,6.172500133514404,5.951499938964844,6.012499809265137,5.932004928588867,519224000
"2018-02-02",5.925000190734863,5.949250221252441,5.779250144958496,5.8379998207092285,5.759841442108154,718464000
"2018-02-05",5.675000190734863,5.830749988555908,5.125,5.34250020980835,5.270974636077881,1165204000
"2018-02-06",5.110000133514404,5.642499923706055,5.099999904632568,5.639500141143799,5.563999176025391,1114800000
"2018-02-07",5.739500045776367,5.8742499351501465,5.667500019073486,5.71999979019165,5.643418788909912,802932000
"2018-02-08",5.8470001220703125,5.880499839782715,5.437749862670898,5.438000202178955,5.3651957511901855,1144000000
"2018-02-09",5.956250190734863,5.972249984741211,5.438000202178955,5.802000045776367,5.7243218421936035,1674604000
"2018-02-12",5.883999824523926,5.88700008392334,5.6257500648498535,5.70074987411499,5.624427795410156,1093172000
"2018-02-13",5.664000034332275,5.862500190734863,5.631249904632568,5.8157501220703125,5.737888813018799,625524000
"2018-02-14",5.775000095367432,6.0647501945495605,5.763750076293945,6.0355000495910645,5.9546966552734375,744988000
"2018-02-15",6.119750022888184,6.209249973297119,6.038000106811523,6.162499904632568,6.079996109008789,698900000
"2018-02-16",6.135000228881836,6.25,6.086750030517578,6.0960001945495605,6.014387607574463,637656000
"2018-02-20",6.118750095367432,6.296750068664551,6.114999771118164,6.2270002365112305,6.143632411956787,686240000
"2018-02-21",6.292250156402588,6.29925012588501,6.033999919891357,6.037749767303467,5.956914901733398,892292000
"2018-02-22",6.0682501792907715,6.140749931335449,5.987500190734863,6.053750038146973,5.976412773132324,534364000
"2018-02-23",6.114250183105469,6.148250102996826,6.063000202178955,6.148250102996826,6.069706916809082,415300000
"2018-02-26",6.195000171661377,6.19950008392334,6.101500034332275,6.1645002365112305,6.085749626159668,469312000
"2018-02-27",6.137499809265137,6.222750186920166,6.1282501220703125,6.151500225067139,6.072915554046631,455436000
"2018-02-28",6.162499904632568,6.202499866485596,6.038249969482422,6.050000190734863,5.972712516784668,523116000
"2018-03-01",6.047749996185303,6.102250099182129,5.703000068664551,5.80525016784668,5.731088161468506,1040120000
"2018-03-02",5.696499824523926,5.920000076293945,5.546249866485596,5.91349983215332,5.837955951690674,913428000
"2018-03-05",5.862750053405762,5.931250095367432,5.73799991607666,5.891250133514404,5.815989017486572,620776000
"2018-03-06",5.977499961853027,6.073500156402588,5.934000015258789,6.053999900817871,5.976658344268799,636808000
"2018-03-07",5.949999809265137,6.098750114440918,5.948750019073486,6.046000003814697,5.96876335144043,581208000
"2018-03-08",6.073750019073486,6.073750019073486,5.984749794006348,6.0295000076293945,5.952474117279053,411912000
"2018-03-09",6.077499866485596,6.146249771118164,6.06125020980835,6.1332502365112305,6.054897308349609,505524000
"2018-03-12",6.175000190734863,6.324999809265137,6.166749954223633,6.24399995803833,6.164233207702637,605060000
"2018-03-13",6.28725004196167,6.362500190734863,6.151000022888184,6.192749977111816,6.113638877868652,619772000
"2018-03-14",6.236249923706055,6.263750076293945,6.1554999351501465,6.218500137329102,6.1390581130981445,505496000
"2018-03-15",6.232250213623047,6.315499782562256,6.190999984741211,6.233500003814697,6.153867721557617,401952000
"2018-03-16",6.25,6.28125,6.211999893188477,6.26200008392334,6.182002544403076,399456000
"2018-03-19",6.204500198364258,6.233749866485596,5.925000190734863,6.025000095367432,5.948030948638916,713772000
"2018-03-20",6.0279998779296875,6.278749942779541,6.0279998779296875,6.239500045776367,6.159790515899658,554696000
"2018-03-21",6.232999801635742,6.300000190734863,6.1832499504089355,6.214000225067139,6.134616374969482,438688000
"2018-03-22",6.150000095367432,6.197000026702881,6.008500099182129,6.046249866485596,5.969010353088379,551196000
"2018-03-23",6.059999942779541,6.0625,5.813000202178955,5.824250221252441,5.749845504760742,735620000
"2018-03-26",5.949999809265137,6.113249778747559,5.897500038146973,6.111999988555908,6.033918857574463,611424000
"2018-03-27",6.193749904632568,6.25,5.496250152587891,5.638000011444092,5.565975666046143,1409000000
"2018-03-28",5.603250026702881,5.734749794006348,5.425000190734863,5.533750057220459,5.463057518005371,945904000
"2018-03-29",5.602749824523926,5.887499809265137,5.517499923706055,5.789750099182129,5.715787410736084,916628000
"2018-04-02",5.718500137329102,5.866250038146973,5.4375,5.526249885559082,5.455653667449951,922092000
"2018-04-03",5.695000171661377,5.758749961853027,5.533750057220459,5.633749961853027,5.561779022216797,667432000
"2018-04-04",5.375249862670898,5.666500091552734,5.349999904632568,5.656000137329102,5.583744525909424,789168000
"2018-04-05",5.715000152587891,5.728250026702881,5.462250232696533,5.5345001220703125,5.463796615600586,701240000
"2018-04-06",5.430749893188477,5.539999961853027,5.326749801635742,5.356249809265137,5.28782320022583,662988000
"2018-04-09",5.420000076293945,5.54925012588501,5.364999771118164,5.385250091552734,5.31645393371582,499524000
"2018-04-10",5.618000030517578,5.724999904632568,5.5602498054504395,5.697750091552734,5.624961853027344,761676000
"2018-04-11",5.682750225067139,5.7245001792907715,5.623000144958496,5.656000137329102,5.583744525909424,460244000
"2018-04-12",5.75,5.882999897003174,5.705249786376953,5.864999771118164,5.790074825286865,593920000
"2018-04-13",5.9292497634887695,5.937749862670898,5.738749980926514,5.787499904632568,5.713564395904541,503036000
"2018-04-16",5.794250011444092,5.821000099182129,5.691999912261963,5.78725004196167,5.713316440582275,350792000
"2018-04-17",5.840000152587891,5.960000038146973,5.783750057220459,5.938499927520752,5.862635135650635,447224000
"2018-04-18",5.887499809265137,5.981249809265137,5.819250106811523,5.909249782562256,5.83375883102417,391364000
"2018-04-19",5.793749809265137,5.827499866485596,5.670000076293945,5.72599983215332,5.652851581573486,471996000
"2018-04-20",5.717249870300293,5.802499771118164,5.68625020980835,5.717750072479248,5.6447062492370605,386200000
"2018-04-23",5.735750198364258,5.787499904632568,5.5707502365112305,5.5970001220703125,5.5254998207092285,427508000
"2018-04-24",5.623000144958496,5.71999979019165,5.464000225067139,5.53000020980835,5.459354877471924,414596000
"2018-04-25",5.5,5.5395002365112305,5.257500171661377,5.416500091552734,5.347304344177246,588492000
"2018-04-26",5.579999923706055,5.638750076293945,5.51324987411499,5.630499839782715,5.558570861816406,375824000
"2018-04-27",5.737500190734863,5.757500171661377,5.615499973297119,5.658249855041504,5.585965633392334,400848000
"2018-04-30",5.674749851226807,5.724999904632568,5.603000164031982,5.622499942779541,5.550673484802246,327844000
"2018-05-01",5.614250183105469,5.681250095367432,5.554999828338623,5.678500175476074,5.60595703125,253788000
"2018-05-02",5.675000190734863,5.71999979019165,5.631249904632568,5.657750129699707,5.585473537445068,268248000
"2018-05-03",5.690000057220459,5.851250171661377,5.64424991607666,5.824749946594238,5.750340461730957,443144000
"2018-05-04",5.795750141143799,5.979750156402588,5.778250217437744,5.976500034332275,5.900150775909424,400660000
"2018-05-07",6.082250118255615,6.274750232696533,6.072249889373779,6.2170000076293945,6.13757848739624,687616000
"2018-05-08",6.217249870300293,6.262750148773193,6.167749881744385,6.260000228881836,6.180029392242432,506616000
"2018-05-09",6.280250072479248,6.396749973297119,6.252749919891357,6.394499778747559,6.312811374664307,596760000
"2018-05-10",6.447999954223633,6.512499809265137,6.429999828338623,6.5032501220703125,6.420171737670898,994080000
"2018-05-11",6.319499969482422,6.494750022888184,6.263500213623047,6.363249778747559,6.281958103179932,1214456000
"2018-05-14",6.401750087738037,6.462250232696533,6.360000133514404,6.383999824523926,6.302444934844971,523140000
"2018-05-15",6.31974983215332,6.322500228881836,6.037499904632568,6.138999938964844,6.060575485229492,963528000
"2018-05-16",6.099999904632568,6.2129998207092285,6.062749862670898,6.15024995803833,6.071680545806885,553828000
"2018-05-17",6.1519999504089355,6.287499904632568,6.135749816894531,6.192749977111816,6.113638877868652,519784000
"2018-05-18",6.245250225067139,6.3092498779296875,6.143499851226807,6.148499965667725,6.069953441619873,483716000
"2018-05-21",6.247000217437744,6.2507500648498535,6.012249946594238,6.105999946594238,6.027995586395264,640624000
"2018-05-22",6.119500160217285,6.144999980926514,6.006249904632568,6.067500114440918,5.989988327026367,518264000
"2018-05-23",6.006999969482422,6.1897501945495605,6.006249904632568,6.188499927520752,6.113220691680908,442956000
"2018-05-24",6.184750080108643,6.235000133514404,6.13100004196167,6.192249774932861,6.116924285888672,437372000
"2018-05-25",6.204999923706055,6.248499870300293,6.169000148773193,6.23199987411499,6.156191825866699,292112000
"2018-05-29",6.213749885559082,6.2835001945495605,6.167500019073486,6.214749813079834,6.139150142669678,352684000
"2018-05-30",6.24875020980835,6.333499908447266,6.223750114440918,6.324749946594238,6.2478132247924805,390996000
"2018-05-31",6.292500019073486,6.380000114440918,6.281750202178955,6.304749965667725,6.228057384490967,493868000
"2018-06-01",6.349999904632568,6.446750164031982,6.341249942779541,6.440499782562256,6.36215353012085,421968000
"2018-06-04",6.474999904632568,6.643499851226807,6.442500114440918,6.621250152587891,6.540705680847168,642024000
"2018-06-05",6.624499797821045,6.664750099182129,6.579249858856201,6.6267499923706055,6.546139240264893,391712000
"2018-06-06",6.535749912261963,6.631999969482422,6.51924991607666,6.628749847412109,6.548114776611328,371356000
"2018-06-07",6.625,6.63700008392334,6.481249809265137,6.572500228881836,6.492548942565918,369448000
"2018-06-08",6.499000072479248,6.599999904632568,6.480000019073486,6.557000160217285,6.477238655090332,360456000
"2018-06-11",6.544250011444092,6.586249828338623,6.502500057220459,6.515500068664551,6.436243534088135,265372000
"2018-06-12",6.542250156402588,6.576749801635742,6.491499900817871,6.564499855041504,6.484645366668701,319160000
"2018-06-13",6.565999984741211,6.641749858856201,6.550749778747559,6.559999942779541,6.4802021980285645,338208000
"2018-06-14",6.605500221252441,6.730000019073486,6.5904998779296875,6.672749996185303,6.591579914093018,430016000
"2018-06-15",6.614999771118164,6.686999797821045,6.583749771118164,6.631499767303467,6.550832748413086,432260000
"2018-06-18",6.586999893188477,6.644999980926514,6.559500217437744,6.6272501945495605,6.546633243560791,356268000
"2018-06-19",6.5229997634887695,6.591000080108643,6.375500202178955,6.5042500495910645,6.425130844116211,594932000
"2018-06-20",6.545750141143799,6.611249923706055,6.506999969482422,6.557750225067139,6.4779791831970215,369780000
"2018-06-21",6.590000152587891,6.608500003814697,6.420000076293945,6.427750110626221,6.349560260772705,359516000
"2018-06-22",6.448750019073486,6.462250232696533,6.2582502365112305,6.273749828338623,6.197433948516846,434160000
"2018-06-25",6.166250228881836,6.170000076293945,5.888500213623047,5.978000164031982,5.905281066894531,665816000
"2018-06-26",6.09250020980835,6.141250133514404,5.9977498054504395,6.049749851226807,5.976160049438477,478884000
"2018-06-27",6.09375,6.160749912261963,5.887499809265137,5.89300012588501,5.821314811706543,453892000
"2018-06-28",5.882999897003174,6.0335001945495605,5.875249862670898,6.021500110626221,5.948252201080322,338012000
"2018-06-29",6.087250232696533,6.099999904632568,5.921249866485596,5.922500133514404,5.8504557609558105,392300000
"2018-07-02",5.852250099182129,6.059750080108643,5.831500053405762,6.056000232696533,5.982332706451416,357572000
"2018-07-03",6.091000080108643,6.0970001220703125,5.912499904632568,5.921000003814697,5.848973274230957,222732000
"2018-07-05",5.976749897003174,6.073249816894531,5.9375,6.0682501792907715,5.994433403015137,306216000
"2018-07-06",6.043499946594238,6.1917500495910645,6.021999835968018,6.1832499504089355,6.108033180236816,296352000
"2018-07-09",6.2582502365112305,6.26800012588501,6.151750087738037,6.231249809265137,6.155450344085693,303880000
"2018-07-10",6.243750095367432,6.353499889373779,6.203000068664551,6.331250190734863,6.2542338371276855,360016000
"2018-07-11",6.237500190734863,6.272500038146973,6.177499771118164,6.1882500648498535,6.112974166870117,367508000
"2018-07-12",6.234000205993652,6.329249858856201,6.223999977111816,6.280749797821045,6.204348564147949,345508000
"2018-07-13",6.299499988555908,6.299499988555908,6.190499782562256,6.232999801635742,6.157179355621338,246988000
"2018-07-16",6.204999923706055,6.258500099182129,6.192500114440918,6.204999923706055,6.129520416259766,197036000
"2018-07-17",6.155250072479248,6.357500076293945,6.129499912261963,6.342249870300293,6.265099048614502,362136000
"2018-07-18",6.334750175476074,6.348750114440918,6.241000175476074,6.292500019073486,6.2159552574157715,277640000
"2018-07-19",6.273499965667725,6.334750175476074,6.2582502365112305,6.300749778747559,6.224104881286621,235752000
"2018-07-20",6.298250198364258,6.337500095367432,6.261250019073486,6.272250175476074,6.195952892303467,222352000
"2018-07-23",6.245500087738037,6.247250080108643,6.081999778747559,6.235249996185303,6.1594014167785645,301584000
"2018-07-24",6.283750057220459,6.371250152587891,6.199999809265137,6.217750072479248,6.142114162445068,354620000
"2018-07-25",6.227250099182129,6.309500217437744,6.168749809265137,6.296750068664551,6.220153331756592,319112000
"2018-07-26",6.276500225067139,6.408249855041504,6.259500026702881,6.370999813079834,6.2935004234313965,325124000
"2018-07-27",6.4079999923706055,6.414999961853027,6.245999813079834,6.30049991607666,6.223857879638672,295420000
"2018-07-30",6.3147501945495605,6.3207502365112305,6.067999839782715,6.103250026702881,6.029007911682129,340340000
"2018-07-31",6.092750072479248,6.197000026702881,6.053500175476074,6.121500015258789,6.047036647796631,283988000
"2018-08-01",6.153250217437744,6.209000110626221,6.097249984741211,6.161749839782715,6.086795806884766,283556000
"2018-08-02",6.089749813079834,6.269499778747559,6.030250072479248,6.265500068664551,6.18928337097168,269668000
"2018-08-03",6.290249824523926,6.326499938964844,6.273250102996826,6.302499771118164,6.225833415985107,214288000
"2018-08-06",6.289750099182129,6.354249954223633,6.24275016784668,6.350749969482422,6.273496150970459,207508000
"2018-08-07",6.400000095367432,6.442500114440918,6.373000144958496,6.423749923706055,6.345608711242676,258132000
"2018-08-08",6.425000190734863,6.50600004196167,6.389750003814697,6.4604997634887695,6.381910800933838,262100000
"2018-08-09",6.478499889373779,6.481249809265137,6.403749942779541,6.411499977111816,6.333507537841797,204280000
"2018-08-10",6.328750133514404,6.402500152587891,6.317500114440918,6.369750022888184,6.292265892028809,256396000
"2018-08-13",6.378499984741211,6.525000095367432,6.3767499923706055,6.4029998779296875,6.325111389160156,375208000
"2018-08-14",6.509500026702881,6.550000190734863,6.42549991607666,6.535749912261963,6.456245422363281,466220000
"2018-08-15",6.5567498207092285,6.591000080108643,6.397500038146973,6.4770002365112305,6.39821195602417,591136000
"2018-08-16",6.547500133514404,6.550000190734863,6.375249862670898,6.435999870300293,6.357710838317871,801260000
"2018-08-17",6.323500156402588,6.324250221252441,6.093249797821045,6.120500087738037,6.046047210693359,1143188000
"2018-08-20",6.079500198364258,6.329999923706055,5.9679999351501465,6.196000099182129,6.120629787445068,854388000
"2018-08-21",6.212500095367432,6.337500095367432,6.192500114440918,6.333000183105469,6.255963325500488,673988000
"2018-08-22",6.300000190734863,6.575500011444092,6.296500205993652,6.570499897003174,6.490572929382324,749856000
"2018-08-23",6.531499862670898,6.736999988555908,6.517499923706055,6.671000003814697,6.589851379394531,720684000
"2018-08-24",6.679500102996826,6.820250034332275,6.675000190734863,6.805500030517578,6.722714900970459,531512000
"2018-08-27",6.8354997634887695,6.972499847412109,6.803750038146973,6.897500038146973,6.813596248626709,505776000
"2018-08-28",6.891499996185303,6.9145002365112305,6.738249778747559,6.859499931335449,6.776057720184326,475384000
"2018-08-29",6.8480000495910645,6.987500190734863,6.827000141143799,6.962250232696533,6.881319522857666,420108000
"2018-08-30",6.930749893188477,7.043000221252441,6.9079999923706055,6.945250034332275,6.8645172119140625,346608000
"2018-08-31",6.925000190734863,7.03000020980835,6.914999961853027,7.017000198364258,6.9354329109191895,306592000
"2018-09-04",7.003749847412109,7.130499839782715,6.974999904632568,7.09250020980835,7.010056972503662,391720000
"2018-09-05",7.074749946594238,7.110499858856201,6.878749847412109,6.9604997634887695,6.879591464996338,393156000
"2018-09-06",6.943999767303467,6.946499824523926,6.784749984741211,6.817999839782715,6.738748073577881,322796000
"2018-09-07",6.724999904632568,6.923250198364258,6.679749965667725,6.796500205993652,6.7174973487854,295420000
"2018-09-10",6.819250106811523,6.898250102996826,6.775000095367432,6.868249893188477,6.788412570953369,220140000
"2018-09-11",6.821499824523926,6.909999847412109,6.80049991607666,6.820000171661377,6.740723609924316,243112000
"2018-09-12",6.779749870300293,6.799499988555908,6.547999858856201,6.704999923706055,6.627061367034912,419092000
"2018-09-13",6.771500110626221,6.875,6.754000186920166,6.7835001945495605,6.704648017883301,305536000
"2018-09-14",6.874750137329102,6.977499961853027,6.837500095367432,6.910749912261963,6.830418586730957,386936000
"2018-09-17",6.885000228881836,6.934500217437744,6.828750133514404,6.848249912261963,6.768645763397217,205528000
"2018-09-18",6.852250099182129,6.955999851226807,6.768750190734863,6.7754998207092285,6.696740627288818,299520000
"2018-09-19",6.756750106811523,6.817500114440918,6.706250190734863,6.799499988555908,6.720462322235107,224860000
"2018-09-20",6.676249980926514,6.718999862670898,6.602499961853027,6.6570000648498535,6.57961893081665,430584000
"2018-09-21",6.669000148773193,6.715000152587891,6.552750110626221,6.586249828338623,6.509690761566162,435128000
"2018-09-24",6.554999828338623,6.645999908447266,6.4670000076293945,6.642499923706055,6.565288066864014,293912000
"2018-09-25",6.709249973297119,6.735499858856201,6.6227498054504395,6.710249900817871,6.63224983215332,280388000
"2018-09-26",6.715250015258789,6.75600004196167,6.6570000648498535,6.672999858856201,6.595432758331299,268548000
"2018-09-27",6.708499908447266,6.730000019073486,6.653250217437744,6.684999942779541,6.607292652130127,214428000
"2018-09-28",6.8182501792907715,7.047999858856201,6.789999961853027,7.0254998207092285,6.9438347816467285,709396000
"2018-10-01",7.104000091552734,7.301499843597412,7.065000057220459,7.234000205993652,7.149911880493164,622060000
"2018-10-02",7.206250190734863,7.318999767303467,7.139500141143799,7.1620001792907715,7.07874870300293,383964000
"2018-10-03",7.232999801635742,7.240499973297119,7.0632500648498535,7.16825008392334,7.084925174713135,320552000
"2018-10-04",7.131750106811523,7.15625,6.9045000076293945,6.982250213623047,6.901086807250977,391220000
"2018-10-05",6.957250118255615,7.019999980926514,6.688499927520752,6.746500015258789,6.668078422546387,426636000
"2018-10-08",6.662499904632568,6.7789998054504395,6.501999855041504,6.64424991607666,6.5670166015625,408612000
"2018-10-09",6.623499870300293,6.718999862670898,6.570000171661377,6.638500213623047,6.561333656311035,273500000
"2018-10-10",6.531499862670898,6.577750205993652,6.139999866485596,6.142250061035156,6.070852279663086,684940000
"2018-10-11",6.0542497634887695,6.189000129699707,5.856500148773193,5.8782501220703125,5.809920787811279,725436000
"2018-10-12",6.137750148773193,6.238500118255615,5.991250038146973,6.16349983215332,6.091855049133301,608236000
"2018-10-15",6.150000095367432,6.150000095367432,5.883500099182129,5.884500026702881,5.816099166870117,449760000
"2018-10-16",5.9982500076293945,6.1570000648498535,5.948500156402588,6.145750045776367,6.074312210083008,408712000
"2018-10-17",6.208499908447266,6.247000217437744,6.0269999504089355,6.076499938964844,6.005866527557373,329668000
"2018-10-18",6.146500110626221,6.1852498054504395,5.927249908447266,5.988249778747559,5.918641567230225,524020000
"2018-10-19",6.044000148773193,6.06374979019165,5.692500114440918,5.729249954223633,5.662652015686035,613608000
"2018-10-22",5.7820000648498535,5.882999897003174,5.676750183105469,5.7804999351501465,5.713305950164795,368844000
"2018-10-23",5.510749816894531,5.604750156402588,5.417749881744385,5.526500225067139,5.4622602462768555,626436000
"2018-10-24",5.487750053405762,5.534749984741211,4.971250057220459,4.985249996185303,4.927300930023193,884288000
"2018-10-25",4.886750221252441,5.243750095367432,4.8420000076293945,5.196000099182129,5.135601997375488,951720000
"2018-10-26",4.957749843597412,5.120999813079834,4.828000068664551,4.957250118255615,4.8996262550354,664784000
"2018-10-29",5.09975004196167,5.103250026702881,4.40024995803833,4.640500068664551,4.586559772491455,758016000
"2018-10-30",4.663750171661377,5.085000038146973,4.640500068664551,5.074999809265137,5.016008377075195,807192000
"2018-10-31",5.241250038146973,5.3147501945495605,5.100249767303467,5.270750045776367,5.2094831466674805,745772000
"2018-11-01",5.307499885559082,5.462250232696533,5.179749965667725,5.452750205993652,5.38936710357666,566528000
"2018-11-02",5.4432501792907715,5.550000190734863,5.255249977111816,5.373000144958496,5.310543537139893,452960000
"2018-11-05",5.359749794006348,5.3832502365112305,5.131999969482422,5.294250011444092,5.23270845413208,379332000
"2018-11-06",5.286250114440918,5.371250152587891,5.238999843597412,5.276500225067139,5.215166091918945,299012000
"2018-11-07",5.34375,5.4352498054504395,5.2795000076293945,5.344749927520752,5.282622337341309,483812000
"2018-11-08",5.284999847412109,5.285749912261963,5.095749855041504,5.149750232696533,5.089890480041504,511352000
"2018-11-09",5.059999942779541,5.232999801635742,5.026000022888184,5.141749858856201,5.081982135772705,413240000
"2018-11-12",5.049499988555908,5.071750164031982,4.7164998054504395,4.738500118255615,4.683420181274414,617116000
"2018-11-13",4.837250232696533,5.105249881744385,4.830999851226807,4.982749938964844,4.924830436706543,644712000
"2018-11-14",5.15749979019165,5.171999931335449,4.8207502365112305,4.929749965667725,4.8724470138549805,526580000
"2018-11-15",4.923749923706055,5.132500171661377,4.887499809265137,5.059750080108643,5.000936985015869,840708000
"2018-11-16",4.083000183105469,4.266499996185303,4.040249824523926,4.110750198364258,4.062967777252197,1963520000
"2018-11-19",4.044750213623047,4.045499801635742,3.6157500743865967,3.617500066757202,3.5754497051239014,1697820000
"2018-11-20",3.3515000343322754,3.8564999103546143,3.332750082015991,3.7269999980926514,3.683677911758423,1692032000
"2018-11-21",3.865499973297119,3.882499933242798,3.590250015258789,3.6177499294281006,3.5756969451904297,1025496000
"2018-11-23",3.582750082015991,3.7397499084472656,3.5697500705718994,3.625,3.582862615585327,411968000
"2018-11-26",3.7472500801086426,3.836750030517578,3.6640000343322754,3.8262500762939453,3.7817728519439697,814832000
"2018-11-27",3.799999952316284,3.9252500534057617,3.7637500762939453,3.843250036239624,3.7985756397247314,738060000
"2018-11-28",3.9619998931884766,4.006999969482422,3.828249931335449,4.0017499923706055,3.955232858657837,804524000
"2018-11-29",4.0,4.037499904632568,3.9035000801086426,3.934000015258789,3.8921620845794678,549172000
"2018-11-30",3.9437499046325684,4.096499919891357,3.8929998874664307,4.085750102996826,4.042296409606934,729564000
"2018-12-03",4.315000057220459,4.367000102996826,4.183499813079834,4.250999927520752,4.205789566040039,890804000
"2018-12-04",4.205999851226807,4.210999965667725,3.9124999046325684,3.9277501106262207,3.8859777450561523,812112000
"2018-12-06",3.7860000133514404,3.962249994277954,3.770250082015991,3.9572501182556152,3.9151651859283447,692308000
"2018-12-07",3.9614999294281006,3.971750020980835,3.640500068664551,3.6902499198913574,3.651003837585449,681676000
"2018-12-10",3.6449999809265137,3.821500062942505,3.641249895095825,3.7964999675750732,3.7561233043670654,629472000
"2018-12-11",3.8889999389648438,3.897249937057495,3.625,3.7047500610351562,3.6653497219085693,671912000
"2018-12-12",3.7105000019073486,3.819499969482422,3.620500087738037,3.7225000858306885,3.6829111576080322,654136000
"2018-12-13",3.7697501182556152,3.8345000743865967,3.686000108718872,3.722249984741211,3.6826632022857666,471384000
"2018-12-14",3.6802499294281006,3.7647500038146973,3.637500047683716,3.661250114440918,3.622312307357788,471820000
"2018-12-17",3.63100004196167,3.703749895095825,3.5309998989105225,3.5894999504089355,3.5513253211975098,662868000
"2018-12-18",3.6337499618530273,3.7582499980926514,3.606250047683716,3.6735000610351562,3.6344306468963623,564372000
"2018-12-19",3.6394999027252197,3.69350004196167,3.410749912261963,3.46274995803833,3.4259235858917236,745364000
"2018-12-20",3.4542500972747803,3.5450000762939453,3.3172500133514404,3.377500057220459,3.3415801525115967,749588000
"2018-12-21",3.404249906539917,3.4375,3.2114999294281006,3.2392499446868896,3.2047998905181885,863740000
"2018-12-24",3.16225004196167,3.249500036239624,3.112499952316284,3.177000045776367,3.1432127952575684,463840000
"2018-12-26",3.2235000133514404,3.3285000324249268,3.1115000247955322,3.327500104904175,3.29211163520813,695100000
"2018-12-27",3.274749994277954,3.309499979019165,3.129499912261963,3.279249906539917,3.244375467300415,637044000
"2018-12-28",3.299999952316284,3.4347500801086426,3.2577500343322754,3.341249942779541,3.305715322494507,628728000
"2018-12-31",3.384999990463257,3.4177498817443848,3.30649995803833,3.3375000953674316,3.3020055294036865,465140000
"2019-01-02",3.2660000324249268,3.4619998931884766,3.2512500286102295,3.4054999351501465,3.3692822456359863,508752000
"2019-01-03",3.344749927520752,3.378999948501587,3.1922500133514404,3.1997499465942383,3.1657204627990723,705552000
"2019-01-04",3.2734999656677246,3.4432499408721924,3.242500066757202,3.404750108718872,3.368540048599243,585620000
"2019-01-07",3.4625000953674316,3.6222500801086426,3.410749912261963,3.5850000381469727,3.5468733310699463,709160000
"2019-01-08",3.667249917984009,3.6695001125335693,3.422499895095825,3.4957499504089355,3.4585721492767334,786016000
"2019-01-09",3.547499895095825,3.6122500896453857,3.496500015258789,3.564500093460083,3.5265917778015137,617260000
"2019-01-10",3.5450000762939453,3.6394999027252197,3.4839999675750732,3.6307499408721924,3.5921366214752197,523156000
"2019-01-11",3.6082499027252197,3.7437500953674316,3.5802500247955322,3.720750093460083,3.6811797618865967,874764000
"2019-01-14",3.6679999828338623,3.7864999771118164,3.64424991607666,3.760999917984009,3.7210018634796143,730168000
"2019-01-15",3.7939999103546143,3.833750009536743,3.728250026702881,3.7467501163482666,3.7069027423858643,617012000
"2019-01-16",3.774250030517578,3.807499885559082,3.7155001163482666,3.7209999561309814,3.681426763534546,470104000
"2019-01-17",3.6877501010894775,3.833250045776367,3.660249948501587,3.7929999828338623,3.7526607513427734,493436000
"2019-01-18",3.843250036239624,3.94950008392334,3.791249990463257,3.9232499599456787,3.8815255165100098,651336000
"2019-01-22",3.8927500247955322,3.9045000076293945,3.6887500286102295,3.719249963760376,3.6796953678131104,661552000
"2019-01-23",3.7750000953674316,3.864500045776367,3.7007501125335693,3.7322499752044678,3.6925570964813232,591020000
"2019-01-24",3.817500114440918,3.963749885559082,3.8127501010894775,3.946000099182129,3.90403413772583,708972000
"2019-01-25",3.885999917984009,4.021999835968018,3.7825000286102295,4.003749847412109,3.9611687660217285,1154572000
"2019-01-28",3.413749933242798,3.5409998893737793,3.2750000953674316,3.4502499103546143,3.4135560989379883,2511528000
"2019-01-29",3.403749942779541,3.452500104904175,3.27524995803833,3.2899999618530273,3.2550103664398193,1153932000
"2019-01-30",3.3667500019073486,3.4492499828338623,3.2864999771118164,3.4347500801086426,3.3982207775115967,974228000
"2019-01-31",3.43149995803833,3.6297500133514404,3.4094998836517334,3.59375,3.555530548095703,842852000
"2019-02-01",3.612499952316284,3.6697499752044678,3.564500093460083,3.6182498931884766,3.5797691345214844,625048000
"2019-02-04",3.6342499256134033,3.7669999599456787,3.611999988555908,3.7295000553131104,3.689836263656616,528592000
"2019-02-05",3.741499900817871,3.785749912261963,3.7074999809265137,3.7487499713897705,3.7088816165924072,542424000
"2019-02-06",3.782249927520752,3.890000104904175,3.776750087738037,3.825000047683716,3.784320831298828,702464000
"2019-02-07",3.778249979019165,3.7804999351501465,3.6422500610351562,3.685499906539917,3.646304130554199,637120000
"2019-02-08",3.6177499294281006,3.7149999141693115,3.603250026702881,3.7042500972747803,3.6648545265197754,461604000
"2019-02-11",3.659749984741211,3.7144999504089355,3.612499952316284,3.661250114440918,3.622312307357788,495180000
"2019-02-12",3.700000047683716,3.7950000762939453,3.685499906539917,3.779249906539917,3.7390575408935547,591060000
"2019-02-13",3.809000015258789,3.895750045776367,3.7952499389648438,3.822000026702881,3.7813527584075928,605372000
"2019-02-14",3.821000099182129,3.8917500972747803,3.7774999141693115,3.8632500171661377,3.822164297103882,827264000
"2019-02-15",4.073750019073486,4.096749782562256,3.9105000495910645,3.933500051498413,3.891666889190674,1516748000
"2019-02-19",3.9227499961853027,3.9972500801086426,3.9035000801086426,3.9159998893737793,3.8743526935577393,551892000
"2019-02-20",3.945499897003174,4.031499862670898,3.9342501163482666,3.963749885559082,3.9215946197509766,540988000
"2019-02-21",3.9765000343322754,4.00124979019165,3.879499912261963,3.89424991607666,3.8528342247009277,448548000
"2019-02-22",3.946500062942505,3.9987499713897705,3.9327499866485596,3.979749917984009,3.937424898147583,401740000
"2019-02-25",4.064000129699707,4.131999969482422,3.9584999084472656,3.967250108718872,3.925057888031006,656020000
"2019-02-26",3.9625000953674316,4.019000053405762,3.893749952316284,3.927500009536743,3.885730266571045,488464000
"2019-02-27",3.9130001068115234,3.9397499561309814,3.8277499675750732,3.8852500915527344,3.84393048286438,500256000
"2019-02-28",3.875,3.8975000381469727,3.8340001106262207,3.8564999103546143,3.8194174766540527,324944000
"2019-03-01",3.906749963760376,3.953749895095825,3.8480000495910645,3.911250114440918,3.8736417293548584,357188000
"2019-03-04",3.950000047683716,3.9730000495910645,3.862499952316284,3.9195001125335693,3.881812572479248,409992000
"2019-03-05",3.903749942779541,3.9514999389648438,3.8489999771118164,3.9130001068115234,3.8753745555877686,362924000
"2019-03-06",3.9040000438690186,3.9124999046325684,3.7985000610351562,3.8012499809265137,3.7646989822387695,403524000
"2019-03-07",3.7774999141693115,3.78725004196167,3.684999942779541,3.7314999103546143,3.695619821548462,450104000
"2019-03-08",3.6414999961853027,3.776750087738037,3.619999885559082,3.7660000324249268,3.7297885417938232,422416000
"2019-03-11",3.789750099182129,4.051499843597412,3.7422499656677246,4.028500080108643,3.9897639751434326,859728000
"2019-03-12",4.05649995803833,4.109749794006348,3.979749917984009,4.063000202178955,4.023931503295898,579576000
"2019-03-13",4.100749969482422,4.244999885559082,4.093249797821045,4.2154998779296875,4.1749653816223145,768900000
"2019-03-14",4.22475004196167,4.23675012588501,4.131249904632568,4.138999938964844,4.099201202392578,519384000
"2019-03-15",4.182499885559082,4.288249969482422,4.178999900817871,4.245250225067139,4.2044291496276855,661484000
"2019-03-18",4.2769999504089355,4.331250190734863,4.196499824523926,4.223750114440918,4.183136940002441,486992000
"2019-03-19",4.318999767303467,4.4375,4.302000045776367,4.392749786376953,4.3505120277404785,854972000
"2019-03-20",4.421999931335449,4.475749969482422,4.324999809265137,4.360000133514404,4.3180766105651855,719148000
"2019-03-21",4.3832502365112305,4.625,4.3782501220703125,4.598499774932861,4.554283142089844,824312000
"2019-03-22",4.571000099182129,4.619999885559082,4.423500061035156,4.4375,4.394831657409668,747644000
"2019-03-25",4.396500110626221,4.461249828338623,4.277750015258789,4.3445000648498535,4.3027262687683105,525212000
"2019-03-26",4.487249851226807,4.543749809265137,4.364999771118164,4.421750068664551,4.379233360290527,703508000
"2019-03-27",4.447500228881836,4.4942498207092285,4.34250020980835,4.412499904632568,4.3700714111328125,474372000
"2019-03-28",4.43874979019165,4.497499942779541,4.377749919891357,4.431250095367432,4.388641834259033,480264000
"2019-03-29",4.498499870300293,4.513500213623047,4.447750091552734,4.488999843597412,4.445836067199707,456896000
"2019-04-01",4.581500053405762,4.587500095367432,4.509250164031982,4.557000160217285,4.513182163238525,483824000
"2019-04-02",4.581250190734863,4.619750022888184,4.538000106811523,4.574999809265137,4.531007766723633,440920000
"2019-04-03",4.625,4.775000095367432,4.619999885559082,4.7154998779296875,4.670159339904785,783504000
"2019-04-04",4.699999809265137,4.7492499351501465,4.643249988555908,4.706500053405762,4.6612443923950195,457376000
"2019-04-05",4.75,4.791250228881836,4.713250160217285,4.773749828338623,4.727849006652832,481744000
"2019-04-08",4.743000030517578,4.820000171661377,4.71875,4.794750213623047,4.748645782470703,424192000
"2019-04-09",4.761000156402588,4.772250175476074,4.689000129699707,4.731500148773193,4.686005115509033,439972000
"2019-04-10",4.73075008392334,4.828499794006348,4.726250171661377,4.802499771118164,4.756321907043457,444772000
"2019-04-11",4.804999828338623,4.836750030517578,4.738749980926514,4.78849983215332,4.74245548248291,374600000
"2019-04-12",4.827499866485596,4.831500053405762,4.741499900817871,4.750249862670898,4.704575538635254,471708000
"2019-04-15",4.742499828338623,4.747499942779541,4.577499866485596,4.617499828338623,4.5731000900268555,440092000
"2019-04-16",4.6570000648498535,4.724249839782715,4.624000072479248,4.705249786376953,4.660007476806641,394964000
"2019-04-17",4.740499973297119,4.761499881744385,4.659749984741211,4.682250022888184,4.637228965759277,351004000
"2019-04-18",4.689000129699707,4.723249912261963,4.629499912261963,4.65749979019165,4.612715721130371,380988000
"2019-04-22",4.633749961853027,4.727499961853027,4.6020002365112305,4.711750030517578,4.666444301605225,279936000
"2019-04-23",4.724999904632568,4.798250198364258,4.715250015258789,4.766749858856201,4.720915794372559,346856000
"2019-04-24",4.777249813079834,4.820250034332275,4.716000080108643,4.779250144958496,4.7332963943481445,318204000
"2019-04-25",4.738749980926514,4.761250019073486,4.59250020980835,4.672749996185303,4.627819538116455,499296000
"2019-04-26",4.517749786376953,4.522250175476074,4.332499980926514,4.452250003814697,4.409440040588379,868988000
"2019-04-29",4.460249900817871,4.511250019073486,4.387499809265137,4.483250141143799,4.4401421546936035,391920000
"2019-04-30",4.45074987411499,4.550749778747559,4.43149995803833,4.525000095367432,4.481490612030029,362920000
"2019-05-01",4.577750205993652,4.620250225067139,4.511499881744385,4.511750221252441,4.4683685302734375,354280000
"2019-05-02",4.521500110626221,4.6217498779296875,4.478000164031982,4.579750061035156,4.535714626312256,394684000
"2019-05-03",4.588250160217285,4.598249912261963,4.51324987411499,4.575250148773193,4.531256198883057,336824000
"2019-05-06",4.387499809265137,4.508500099182129,4.349999904632568,4.496250152587891,4.453016757965088,422176000
"2019-05-07",4.447500228881836,4.447500228881836,4.279250144958496,4.327750205993652,4.286137580871582,555220000
"2019-05-08",4.300000190734863,4.428750038146973,4.288000106811523,4.3480000495910645,4.306191921234131,419168000
"2019-05-09",4.278500080108643,4.288249969482422,4.135000228881836,4.254749774932861,4.213838577270508,660248000
"2019-05-10",4.223750114440918,4.289750099182129,4.099999904632568,4.2204999923706055,4.179917812347412,569500000
"2019-05-13",4.087500095367432,4.110750198364258,3.9452500343322754,3.961250066757202,3.923161506652832,656912000
"2019-05-14",4.00124979019165,4.08650016784668,3.962249994277954,4.051000118255615,4.0120463371276855,524880000
"2019-05-15",3.994999885559082,4.026249885559082,3.9352500438690186,3.989500045776367,3.951138973236084,502320000
"2019-05-16",3.9839999675750732,4.047749996185303,3.9412500858306885,4.004749774932861,3.9662418365478516,781088000
"2019-05-17",3.9625000953674316,4.092750072479248,3.873500108718872,3.913249969482422,3.875622272491455,1022068000
"2019-05-20",3.8137500286102295,3.8692500591278076,3.768749952316284,3.793750047683716,3.7572708129882812,572064000
"2019-05-21",3.8550000190734863,3.8924999237060547,3.815999984741211,3.876499891281128,3.8392255306243896,361848000
"2019-05-22",3.8375000953674316,3.8637499809265137,3.7939999103546143,3.805000066757202,3.768413543701172,325868000
"2019-05-23",3.7422499656677246,3.7422499656677246,3.6227500438690186,3.683000087738037,3.6475865840911865,591844000
"2019-05-24",3.7019999027252197,3.737499952316284,3.621999979019165,3.6287500858306885,3.593858242034912,357584000
"2019-05-28",3.6465001106262207,3.679500102996826,3.581249952316284,3.583250045776367,3.548795700073242,428356000
"2019-05-29",3.535249948501587,3.570499897003174,3.4735000133514404,3.508500099182129,3.474764347076416,559800000
"2019-05-30",3.5077500343322754,3.543750047683716,3.4392499923706055,3.477750062942505,3.4482414722442627,394300000
"2019-05-31",3.428499937057495,3.4962499141693115,3.3847498893737793,3.3864998817443848,3.3577654361724854,389720000
"2019-06-03",3.397749900817871,3.4367499351501465,3.315000057220459,3.3445000648498535,3.316122531890869,478644000
"2019-06-04",3.4089999198913574,3.5802500247955322,3.3867499828338623,3.575000047683716,3.544666290283203,641836000
"2019-06-05",3.649250030517578,3.654750108718872,3.495500087738037,3.5320000648498535,3.502030849456787,511616000
"2019-06-06",3.536250114440918,3.6192500591278076,3.533750057220459,3.5945000648498535,3.564000368118286,408140000
"2019-06-07",3.6005001068115234,3.671999931335449,3.581249952316284,3.637500047683716,3.6066360473632812,348856000
"2019-06-10",3.694000005722046,3.779750108718872,3.694000005722046,3.710750102996826,3.6792643070220947,402780000
"2019-06-11",3.7709999084472656,3.809000015258789,3.7290000915527344,3.768749952316284,3.736772298812866,383872000
"2019-06-12",3.7249999046325684,3.731250047683716,3.6397500038146973,3.6549999713897705,3.6239874362945557,358892000
"2019-06-13",3.6772499084472656,3.7249999046325684,3.6594998836517334,3.7065000534057617,3.6750497817993164,308080000
"2019-06-14",3.6127500534057617,3.6372499465942383,3.571000099182129,3.615999937057495,3.585317850112915,394428000
"2019-06-17",3.6142499446868896,3.6630001068115234,3.591249942779541,3.6257500648498535,3.594985008239746,276040000
"2019-06-18",3.6875,3.8777499198913574,3.676500082015991,3.822000026702881,3.7895708084106445,581920000
"2019-06-19",3.8575000762939453,3.86899995803833,3.8017499446868896,3.828000068664551,3.795520067214966,331644000
"2019-06-20",3.919250011444092,3.9332499504089355,3.8380000591278076,3.8524999618530273,3.8198108673095703,350168000
"2019-06-21",3.8375000953674316,3.88700008392334,3.7874999046325684,3.7939999103546143,3.761807680130005,434428000
"2019-06-24",3.815500020980835,3.846250057220459,3.7679998874664307,3.816499948501587,3.7841169834136963,282948000
"2019-06-25",3.821500062942505,3.8970000743865967,3.784250020980835,3.7869999408721924,3.7548673152923584,311868000
"2019-06-26",3.915250062942505,4.043000221252441,3.902250051498413,3.9814999103546143,3.9477171897888184,584072000
"2019-06-27",4.067749977111816,4.099999904632568,4.031499862670898,4.080749988555908,4.0461249351501465,445440000
"2019-06-28",4.125,4.134250164031982,4.058750152587891,4.10575008392334,4.070913791656494,397668000
"2019-07-01",4.3142499923706055,4.348750114440918,4.116499900817871,4.154250144958496,4.119001865386963,709756000
"2019-07-02",4.137499809265137,4.158750057220459,4.042500019073486,4.055749893188477,4.021337509155273,400228000
"2019-07-03",4.079249858856201,4.085000038146973,4.008500099182129,4.068749904632568,4.034225940704346,246636000
"2019-07-05",4.010000228881836,4.014500141143799,3.941999912261963,4.0057501792907715,3.971761465072632,396552000
"2019-07-08",3.9457499980926514,3.964750051498413,3.9000000953674316,3.9302499294281006,3.8969011306762695,329788000
"2019-07-09",3.8877499103546143,3.9609999656677246,3.875,3.9327499866485596,3.8993799686431885,342860000
"2019-07-10",3.9765000343322754,4.0592498779296875,3.9625000953674316,4.001500129699707,3.9675474166870117,452076000
"2019-07-11",4.074999809265137,4.197999954223633,4.037499904632568,4.1570000648498535,4.121726989746094,682560000
"2019-07-12",4.184999942779541,4.261750221252441,4.184999942779541,4.190249919891357,4.154695510864258,506392000
"2019-07-15",4.21150016784668,4.227749824523926,4.153250217437744,4.1817498207092285,4.146268844604492,289840000
"2019-07-16",4.166749954223633,4.204249858856201,4.120999813079834,4.177000045776367,4.141558647155762,341444000
"2019-07-17",4.178750038146973,4.249750137329102,4.149250030517578,4.24275016784668,4.206750392913818,348204000
"2019-07-18",4.2532501220703125,4.317749977111816,4.196249961853027,4.254499912261963,4.218399524688721,442192000
"2019-07-19",4.293000221252441,4.299499988555908,4.204999923706055,4.210999965667725,4.175269603729248,344896000
"2019-07-22",4.232500076293945,4.296000003814697,4.224999904632568,4.2829999923706055,4.246659278869629,315940000
"2019-07-23",4.322500228881836,4.393499851226807,4.3067498207092285,4.391499996185303,4.3542375564575195,428176000
"2019-07-24",4.434999942779541,4.472249984741211,4.358500003814697,4.4664998054504395,4.4286017417907715,366236000
"2019-07-25",4.424749851226807,4.4375,4.310999870300293,4.334499835968018,4.297722339630127,392700000
"2019-07-26",4.36175012588501,4.423749923706055,4.36175012588501,4.3767499923706055,4.3396124839782715,274160000
"2019-07-29",4.369500160217285,4.386750221252441,4.281750202178955,4.370500087738037,4.33341646194458,248160000
"2019-07-30",4.323750019073486,4.398499965667725,4.3092498779296875,4.386250019073486,4.349032402038574,197772000
"2019-07-31",4.354499816894531,4.355500221252441,4.17549991607666,4.2179999351501465,4.182211399078369,359416000
"2019-08-01",4.228499889373779,4.319499969482422,4.070499897003174,4.123000144958496,4.088016986846924,421212000
"2019-08-02",4.029749870300293,4.0995001792907715,3.9820001125335693,4.029749870300293,3.9955575466156006,428348000
"2019-08-05",3.8450000286102295,3.846250057220459,3.7225000858306885,3.7697501182556152,3.737764358520508,589156000
"2019-08-06",3.8450000286102295,3.890749931335449,3.7607500553131104,3.8087499141693115,3.7764322757720947,361272000
"2019-08-07",3.747499942779541,3.859250068664551,3.7300000190734863,3.847249984741211,3.814606189727783,372560000
"2019-08-08",3.905250072479248,3.957750082015991,3.8475000858306885,3.9565000534057617,3.9229297637939453,309300000
"2019-08-09",3.915250062942505,3.918750047683716,3.8037500381469727,3.8545000553131104,3.8217947483062744,341816000
"2019-08-12",3.802000045776367,3.8545000553131104,3.7642500400543213,3.786250114440918,3.7541236877441406,279200000
"2019-08-13",3.784749984741211,3.947499990463257,3.745500087738037,3.901249885559082,3.8681480884552,351956000
"2019-08-14",3.8125,3.8237500190734863,3.707750082015991,3.7517499923706055,3.719916343688965,419880000
"2019-08-15",3.770750045776367,3.790750026702881,3.6847500801086426,3.719249963760376,3.6876914501190186,477200000
"2019-08-16",3.983750104904175,4.03849983215332,3.921999931335449,3.989000082015991,3.955153226852417,1007960000
"2019-08-19",4.103000164031982,4.2855000495910645,4.086750030517578,4.269499778747559,4.233273506164551,815112000
"2019-08-20",4.263999938964844,4.264500141143799,4.17549991607666,4.196750164031982,4.161139965057373,463188000
"2019-08-21",4.26324987411499,4.336249828338623,4.241499900817871,4.280749797821045,4.24442720413208,427244000
"2019-08-22",4.290500164031982,4.333250045776367,4.247499942779541,4.2870001792907715,4.250625133514404,303488000
"2019-08-23",4.210000038146973,4.264750003814697,4.040999889373779,4.060999870300293,4.026543617248535,568056000
"2019-08-26",4.140250205993652,4.1645002365112305,4.097750186920166,4.136250019073486,4.1011528968811035,318208000
"2019-08-27",4.174749851226807,4.177499771118164,4.015500068664551,4.045000076293945,4.010676860809326,290968000
"2019-08-28",4.014500141143799,4.083499908447266,3.9749999046325684,4.0304999351501465,4.000255584716797,255612000
"2019-08-29",4.122499942779541,4.207499980926514,4.11899995803833,4.175000190734863,4.143671989440918,357976000
"2019-08-30",4.221499919891357,4.271500110626221,4.16949987411499,4.187749862670898,4.156327247619629,290616000
"2019-09-03",4.114500045776367,4.147749900817871,4.081250190734863,4.104249954223633,4.073452949523926,296140000
"2019-09-04",4.165249824523926,4.226500034332275,4.165249824523926,4.218999862670898,4.187342166900635,227728000
"2019-09-05",4.321750164031982,4.499750137329102,4.320000171661377,4.493500232696533,4.459783554077148,695676000
"2019-09-06",4.46999979019165,4.527249813079834,4.427999973297119,4.466249942779541,4.432738304138184,376976000
"2019-09-09",4.497499942779541,4.5995001792907715,4.495999813079834,4.512499809265137,4.478640556335449,417524000
"2019-09-10",4.479499816894531,4.606249809265137,4.469749927520752,4.579500198364258,4.545138359069824,352812000
"2019-09-11",4.594250202178955,4.656750202178955,4.565000057220459,4.608250141143799,4.573671340942383,361512000
"2019-09-12",4.65500020980835,4.710000038146973,4.598750114440918,4.606750011444092,4.572183132171631,327840000
"2019-09-13",4.539750099182129,4.577000141143799,4.504499912261963,4.548500061035156,4.514369487762451,324592000
"2019-09-16",4.4730000495910645,4.539999961853027,4.462500095367432,4.505249977111816,4.471444129943848,231832000
"2019-09-17",4.51200008392334,4.531000137329102,4.465250015258789,4.526750087738037,4.492783546447754,223048000
"2019-09-18",4.519750118255615,4.5355000495910645,4.412499904632568,4.499499797821045,4.465737819671631,258152000
"2019-09-19",4.505499839782715,4.52400016784668,4.412749767303467,4.423500061035156,4.390307903289795,245476000
"2019-09-20",4.422500133514404,4.446249961853027,4.307000160217285,4.317249774932861,4.284855842590332,350244000
"2019-09-23",4.317500114440918,4.416749954223633,4.31374979019165,4.370999813079834,4.33820104598999,249712000
"2019-09-24",4.402500152587891,4.432250022888184,4.277500152587891,4.3132500648498535,4.280885696411133,317268000
"2019-09-25",4.312749862670898,4.475500106811523,4.267749786376953,4.455749988555908,4.422316551208496,308432000
"2019-09-26",4.446000099182129,4.454750061035156,4.38224983215332,4.433499813079834,4.400232791900635,234564000
"2019-09-27",4.391499996185303,4.442500114440918,4.232999801635742,4.294000148773193,4.261780738830566,362056000
"2019-09-30",4.320000171661377,4.361999988555908,4.28849983215332,4.351749897003174,4.319095611572266,186184000
"2019-10-01",4.375,4.525000095367432,4.345250129699707,4.349999904632568,4.317360877990723,366008000
"2019-10-02",4.328000068664551,4.340000152587891,4.2532501220703125,4.326000213623047,4.293538570404053,293372000
"2019-10-03",4.33050012588501,4.539000034332275,4.300000190734863,4.532750129699707,4.4987382888793945,450588000
"2019-10-04",4.534999847412109,4.578750133514404,4.4695000648498535,4.54925012588501,4.515115737915039,265524000
"2019-10-07",4.614500045776367,4.708499908447266,4.60575008392334,4.608250141143799,4.573671340942383,480984000
"2019-10-08",4.515999794006348,4.515999794006348,4.412499904632568,4.430749893188477,4.397502899169922,444436000
"2019-10-09",4.507999897003174,4.567500114440918,4.479000091552734,4.517749786376953,4.483850955963135,292412000
"2019-10-10",4.515500068664551,4.626999855041504,4.510250091552734,4.57574987411499,4.541416645050049,309124000
"2019-10-11",4.660250186920166,4.733500003814697,4.641250133514404,4.649750232696533,4.6148600578308105,446404000
"2019-10-14",4.640999794006348,4.6842498779296875,4.609749794006348,4.663249969482422,4.628259658813477,200040000
"2019-10-15",4.754000186920166,4.982250213623047,4.739999771118164,4.909249782562256,4.872413635253906,664124000
"2019-10-16",4.875,4.980500221252441,4.84375,4.855249881744385,4.81881856918335,428944000
"2019-10-17",4.900000095367432,4.945250034332275,4.802499771118164,4.857250213623047,4.820804119110107,263436000
"2019-10-18",4.857749938964844,4.890500068664551,4.6875,4.762249946594238,4.726517200469971,307440000
"2019-10-21",4.823999881744385,4.913750171661377,4.804999828338623,4.90024995803833,4.863481044769287,261868000
"2019-10-22",4.957499980926514,5.0632500648498535,4.882500171661377,4.890250205993652,4.853556156158447,328720000
"2019-10-23",4.807750225067139,4.891499996185303,4.775750160217285,4.8772501945495605,4.840653419494629,279916000
"2019-10-24",4.918749809265137,4.955249786376953,4.884500026702881,4.921500205993652,4.884571075439453,232020000
"2019-10-25",5.002500057220459,5.134500026702881,4.994750022888184,5.113500118255615,5.075130939483643,423092000
"2019-10-28",5.15749979019165,5.222499847412109,5.127999782562256,5.169750213623047,5.130959987640381,330792000
"2019-10-29",5.155749797821045,5.16225004196167,5.053500175476074,5.072999954223633,5.034933090209961,211236000
"2019-10-30",5.099999904632568,5.10575008392334,5.006499767303467,5.074999809265137,5.036919593811035,205960000
"2019-10-31",5.053999900817871,5.074999809265137,4.945250034332275,5.0254998207092285,4.987790107727051,209732000
"2019-11-01",4.989999771118164,5.097249984741211,4.964749813079834,5.0647501945495605,5.02674674987793,283640000
"2019-11-04",5.146249771118164,5.275000095367432,5.123000144958496,5.262499809265137,5.2230119705200195,376716000
"2019-11-05",5.262249946594238,5.28849983215332,5.191999912261963,5.240250110626221,5.200930595397949,300868000
"2019-11-06",5.216000080108643,5.2417497634887695,5.102749824523926,5.1907501220703125,5.151803016662598,269012000
"2019-11-07",5.277750015258789,5.292500019073486,5.16349983215332,5.208499908447266,5.169418811798096,280340000
"2019-11-08",5.191500186920166,5.226250171661377,5.153749942779541,5.194499969482422,5.155521869659424,189100000
"2019-11-11",5.193749904632568,5.227749824523926,5.10699987411499,5.204500198364258,5.165448188781738,243436000
"2019-11-12",5.243000030517578,5.296500205993652,5.207749843597412,5.240250110626221,5.200930595397949,283504000
"2019-11-13",5.208749771118164,5.236499786376953,5.147500038146973,5.214250087738037,5.17512321472168,300188000
"2019-11-14",5.223249912261963,5.247000217437744,5.163000106811523,5.244750022888184,5.205395221710205,518080000
"2019-11-15",5.242499828338623,5.29449987411499,5.015999794006348,5.104750156402588,5.066446781158447,1053628000
"2019-11-18",5.097249984741211,5.333749771118164,5.094250202178955,5.307000160217285,5.267178535461426,574588000
"2019-11-19",5.275750160217285,5.299499988555908,5.141250133514404,5.199749946594238,5.160732746124268,414564000
"2019-11-20",5.176750183105469,5.363749980926514,5.164000034332275,5.2795000076293945,5.2398858070373535,472588000
"2019-11-21",5.275000095367432,5.330999851226807,5.232749938964844,5.254499912261963,5.215072154998779,288388000
"2019-11-22",5.277249813079834,5.323999881744385,5.248499870300293,5.272250175476074,5.232688903808594,224100000
"2019-11-25",5.401000022888184,5.535250186920166,5.388000011444092,5.530250072479248,5.488753795623779,506476000
"2019-11-26",5.512499809265137,5.517250061035156,5.418499946594238,5.425000190734863,5.384294033050537,385244000
"2019-11-27",5.466750144958496,5.50124979019165,5.429500102996826,5.455999851226807,5.41905403137207,215784000
"2019-11-29",5.425000190734863,5.453499794006348,5.394499778747559,5.418499946594238,5.381809711456299,141556000
"2019-12-02",5.411499977111816,5.425000190734863,5.216000080108643,5.231249809265137,5.195828914642334,372036000
"2019-12-03",5.046750068664551,5.195499897003174,5.009250164031982,5.191500186920166,5.156345367431641,465232000
"2019-12-04",5.2754998207092285,5.297999858856201,5.20674991607666,5.235499858856201,5.200048446655273,273424000
"2019-12-05",5.257500171661377,5.273250102996826,5.187749862670898,5.218500137329102,5.183164596557617,184884000
"2019-12-06",5.288000106811523,5.337250232696533,5.2779998779296875,5.3042497634887695,5.268333911895752,232236000
"2019-12-09",5.28125,5.359250068664551,5.272500038146973,5.3042497634887695,5.268333911895752,211880000
"2019-12-10",5.334499835968018,5.401500225067139,5.281499862670898,5.3495001792907715,5.3132781982421875,256388000
"2019-12-11",5.360000133514404,5.439000129699707,5.357500076293945,5.433499813079834,5.396708011627197,233796000
"2019-12-12",5.4045000076293945,5.619999885559082,5.395500183105469,5.601749897003174,5.563817977905273,404348000
"2019-12-13",5.604750156402588,5.7245001792907715,5.545499801635742,5.59975004196167,5.561832427978516,454704000
"2019-12-16",5.647500038146973,5.701499938964844,5.6192498207092285,5.628749847412109,5.590636253356934,320976000
"2019-12-17",5.647500038146973,5.730000019073486,5.638000011444092,5.707250118255615,5.668605327606201,321196000
"2019-12-18",5.742249965667725,5.798500061035156,5.733749866485596,5.737750053405762,5.698899269104004,343548000
"2019-12-19",5.772500038146973,5.900000095367432,5.767499923706055,5.886499881744385,5.846641540527344,445360000
"2019-12-20",5.953249931335449,6.009749889373779,5.934000015258789,5.984250068664551,5.943729877471924,603044000
"2019-12-23",6.013000011444092,6.045249938964844,5.959750175476074,5.9704999923706055,5.930070877075195,355060000
"2019-12-24",5.954999923706055,5.982749938964844,5.920499801635742,5.9654998779296875,5.925105571746826,138864000
"2019-12-26",5.968999862670898,6.007999897003174,5.949999809265137,5.979750156402588,5.939260005950928,182852000
"2019-12-27",5.994999885559082,6.008500099182129,5.895249843597412,5.921750068664551,5.88165283203125,254644000
"2019-12-30",5.899750232696533,5.90500020980835,5.776500225067139,5.808000087738037,5.768672466278076,258056000
"2019-12-31",5.772500038146973,5.892000198364258,5.7532501220703125,5.882500171661377,5.842668056488037,231004000
"2020-01-02",5.96875,5.9977498054504395,5.918000221252441,5.9977498054504395,5.957137107849121,237536000
"2020-01-03",5.877500057220459,5.9457502365112305,5.852499961853027,5.901750087738037,5.86178731918335,205384000
"2020-01-06",5.808000087738037,5.9317498207092285,5.781750202178955,5.926499843597412,5.886369228363037,262636000
"2020-01-07",5.954999923706055,6.044250011444092,5.909749984741211,5.9982500076293945,5.957634925842285,314856000
"2020-01-08",5.99399995803833,6.051000118255615,5.953750133514404,6.009500026702881,5.968808650970459,277108000
"2020-01-09",6.096250057220459,6.148250102996826,6.021500110626221,6.075500011444092,6.034360885620117,255112000
"2020-01-10",6.1832499504089355,6.213749885559082,6.09375,6.107999801635742,6.066640377044678,316296000
"2020-01-13",6.191500186920166,6.324749946594238,6.168749809265137,6.299499988555908,6.256844520568848,319840000
"2020-01-14",6.256499767303467,6.2820000648498535,6.168749809265137,6.182000160217285,6.140141487121582,359088000
"2020-01-15",6.19474983215332,6.217249870300293,6.113249778747559,6.139249801635742,6.097679138183594,263104000
"2020-01-16",6.192999839782715,6.229249954223633,6.16949987411499,6.223249912261963,6.181111812591553,284192000
"2020-01-17",6.242499828338623,6.25,6.1842498779296875,6.23199987411499,6.189801216125488,253792000
"2020-01-21",6.195250034332275,6.232250213623047,6.164249897003174,6.198500156402588,6.156527996063232,217916000
"2020-01-22",6.24399995803833,6.339749813079834,6.224999904632568,6.252749919891357,6.21041202545166,239240000
"2020-01-23",6.293000221252441,6.329999923706055,6.203750133514404,6.321499824523926,6.278695583343506,244516000
"2020-01-24",6.4375,6.487500190734863,6.207499980926514,6.26200008392334,6.21959924697876,373512000
"2020-01-27",5.955999851226807,6.056250095367432,5.805749893188477,6.005000114440918,5.964339256286621,470536000
"2020-01-28",6.071249961853027,6.231750011444092,6.017749786376953,6.199250221252441,6.157273769378662,310976000
"2020-01-29",6.184750080108643,6.2210001945495605,6.098499774932861,6.138500213623047,6.096934795379639,258848000
"2020-01-30",6.040249824523926,6.158750057220459,5.985000133514404,6.145249843597412,6.103639125823975,290504000
"2020-01-31",6.099249839782715,6.111249923706055,5.868750095367432,5.910749912261963,5.870727062225342,370420000
"2020-02-03",5.892499923706055,6.027750015258789,5.886250019073486,6.0082502365112305,5.967565536499023,255564000
"2020-02-04",6.150750160217285,6.197500228881836,6.100500106811523,6.178249835968018,6.136415004730225,271544000
"2020-02-05",6.299749851226807,6.309999942779541,6.1852498054504395,6.269000053405762,6.226550579071045,208220000
"2020-02-06",6.303500175476074,6.356249809265137,6.2220001220703125,6.356249809265137,6.313209533691406,218284000
"2020-02-07",6.315999984741211,6.338250160217285,6.264249801635742,6.289750099182129,6.247159004211426,189752000
"2020-02-10",6.3125,6.574999809265137,6.307499885559082,6.574250221252441,6.5297346115112305,529608000
"2020-02-11",6.683000087738037,6.8125,6.6207499504089355,6.697249889373779,6.6519012451171875,638556000
"2020-02-12",6.750249862670898,6.820000171661377,6.711249828338623,6.813499927520752,6.767363548278809,374644000
"2020-02-13",6.755249977111816,6.836999893188477,6.727749824523926,6.769499778747559,6.72366189956665,528016000
"2020-02-14",7.18149995803833,7.3742499351501465,7.150000095367432,7.244750022888184,7.195694923400879,1041924000
"2020-02-18",7.140999794006348,7.432750225067139,7.121500015258789,7.414249897003174,7.364048004150391,620164000
"2020-02-19",7.53725004196167,7.885250091552734,7.53725004196167,7.867499828338623,7.8142266273498535,694332000
"2020-02-20",7.819250106811523,7.9079999923706055,7.408750057220459,7.71750020980835,7.665243625640869,810052000
"2020-02-21",7.604750156402588,7.630000114440918,7.266499996185303,7.351749897003174,7.301970481872559,768180000
"2020-02-24",6.754749774932861,7.046750068664551,6.699999809265137,6.831999778747559,6.78573751449585,856916000
"2020-02-25",6.90749979019165,6.969749927520752,6.448999881744385,6.551249980926514,6.506889820098877,1055496000
"2020-02-26",6.551499843597412,6.886250019073486,6.550000190734863,6.691249847412109,6.645942211151123,747732000
"2020-02-27",6.372499942779541,6.675000190734863,6.222249984741211,6.315000057220459,6.275990962982178,906416000
"2020-02-28",6.061500072479248,6.811500072479248,6.044750213623047,6.7517499923706055,6.710043907165527,1133252000
"2020-03-02",6.922500133514404,6.9397501945495605,6.525000095367432,6.910749912261963,6.86806058883667,890744000
"2020-03-03",6.966750144958496,7.026750087738037,6.561500072479248,6.647250175476074,6.606189727783203,652792000
"2020-03-04",6.755000114440918,7.122250080108643,6.679999828338623,7.112750053405762,7.068812847137451,597408000
"2020-03-05",6.912499904632568,7.079999923706055,6.787499904632568,6.832250118255615,6.790045738220215,540328000
"2020-03-06",6.6519999504089355,6.709750175476074,6.449999809265137,6.651000022888184,6.6099162101745605,515412000
"2020-03-09",5.997499942779541,6.485000133514404,5.954500198364258,6.136000156402588,6.098097324371338,614160000
"2020-03-10",6.41349983215332,6.5269999504089355,6.149750232696533,6.5269999504089355,6.486682415008545,580648000
"2020-03-11",6.386499881744385,6.414999961853027,6.0642499923706055,6.161749839782715,6.123687744140625,499964000
"2020-03-12",5.636499881744385,5.9029998779296875,5.394999980926514,5.407750129699707,5.374344825744629,816540000
"2020-03-13",5.762499809265137,6.0254998207092285,5.490250110626221,6.020999908447266,5.983807563781738,634836000
"2020-03-16",5.3102498054504395,5.652500152587891,4.849999904632568,4.909999847412109,4.879670143127441,726972000
"2020-03-17",5.022749900817871,5.521500110626221,4.775000095367432,5.4317498207092285,5.398197650909424,833632000
"2020-03-18",5.002500057220459,5.248499870300293,4.517000198364258,5.070499897003174,5.03917932510376,874268000
"2020-03-19",5.048999786376953,5.41825008392334,4.834750175476074,5.324250221252441,5.2913618087768555,765512000
"2020-03-20",5.474999904632568,5.757999897003174,5.1282501220703125,5.143750190734863,5.111976146697998,804636000
"2020-03-23",5.142749786376953,5.4120001792907715,4.9629998207092285,5.317249774932861,5.284404754638672,643876000
"2020-03-24",5.724999904632568,6.316500186920166,5.701250076293945,6.229499816894531,6.191019535064697,1101644000
"2020-03-25",6.34499979019165,6.545499801635742,6.0914998054504395,6.140500068664551,6.102569580078125,793432000
"2020-03-26",6.348499774932861,6.555500030517578,6.25,6.431000232696533,6.3912763595581055,696108000
"2020-03-27",6.25,6.578000068664551,6.2170000076293945,6.3182501792907715,6.27922248840332,638828000
"2020-03-30",6.383999824523926,6.64900016784668,6.339749813079834,6.639750003814697,6.5987348556518555,602252000
"2020-03-31",6.679999828338623,6.885000228881836,6.443749904632568,6.590000152587891,6.549292087554932,949960000
"2020-04-01",6.391250133514404,6.538249969482422,6.0320000648498535,6.076749801635742,6.03921365737915,656912000
"2020-04-02",6.105999946594238,6.400000095367432,6.057750225067139,6.386750221252441,6.347299098968506,675764000
"2020-04-03",6.348999977111816,6.390749931335449,5.959750175476074,6.097750186920166,6.060083389282227,663212000
"2020-04-06",6.38100004196167,6.747000217437744,6.323249816894531,6.710000038146973,6.668551921844482,727884000
"2020-04-07",6.932499885559082,6.956250190734863,6.432499885559082,6.475749969482422,6.43574857711792,784520000
"2020-04-08",6.585249900817871,6.698750019073486,6.514999866485596,6.673749923706055,6.632525444030762,542444000
"2020-04-09",6.800000190734863,6.822999954223633,6.510499954223633,6.573750019073486,6.533141136169434,525564000
"2020-04-13",6.513750076293945,6.755000114440918,6.425000190734863,6.746250152587891,6.704578399658203,398408000
"2020-04-14",6.875,7.132999897003174,6.847249984741211,7.098750114440918,7.054900646209717,530948000
"2020-04-15",6.929999828338623,7.104249954223633,6.884500026702881,7.020999908447266,6.977628707885742,366148000
"2020-04-16",7.177000045776367,7.474999904632568,7.163750171661377,7.367499828338623,7.321988582611084,745620000
"2020-04-17",7.449999809265137,7.471499919891357,7.173500061035156,7.308000087738037,7.262857437133789,539120000
"2020-04-20",7.181000232696533,7.337500095367432,7.131750106811523,7.176249980926514,7.131920337677002,449388000
"2020-04-21",7.057750225067139,7.1192498207092285,6.677750110626221,6.737750053405762,6.696129322052002,735160000
"2020-04-22",6.930749893188477,7.196750164031982,6.885000228881836,7.153749942779541,7.109559535980225,483356000
"2020-04-23",7.196000099182129,7.328499794006348,7.074999809265137,7.100249767303467,7.056390285491943,424160000
"2020-04-24",7.090000152587891,7.2417497634887695,7.014999866485596,7.239749908447266,7.195028781890869,352328000
"2020-04-27",7.374750137329102,7.587500095367432,7.349999904632568,7.427000045776367,7.38112211227417,479388000
"2020-04-28",7.574999809265137,7.605000019073486,7.278500080108643,7.283999919891357,7.2390055656433105,442904000
"2020-04-29",7.419250011444092,7.514500141143799,7.34375,7.46150016784668,7.415409564971924,379160000
"2020-04-30",7.407249927520752,7.46150016784668,7.293000221252441,7.307000160217285,7.2618632316589355,375916000
"2020-05-01",7.108749866485596,7.222499847412109,7.020999908447266,7.069499969482422,7.025830268859863,342096000
"2020-05-04",7.021999835968018,7.296000003814697,7.021999835968018,7.282249927520752,7.237265586853027,317556000
"2020-05-05",7.386750221252441,7.506750106811523,7.282249927520752,7.343500137329102,7.298138618469238,368896000
"2020-05-06",7.423250198364258,7.550000190734863,7.385250091552734,7.44474983215332,7.398761749267578,323464000
"2020-05-07",7.584499835968018,7.6852498054504395,7.5329999923706055,7.6217498779296875,7.574669361114502,373732000
"2020-05-08",7.693749904632568,7.818749904632568,7.659749984741211,7.8125,7.764242172241211,339216000
"2020-05-11",7.807499885559082,8.112500190734863,7.778749942779541,8.065500259399414,8.015680313110352,469060000
"2020-05-12",8.123499870300293,8.172499656677246,7.792749881744385,7.802499771118164,7.754302501678467,493060000
"2020-05-13",7.917500019073486,8.078499794006348,7.594749927520752,7.78000020980835,7.7319416999816895,625852000
"2020-05-14",7.841750144958496,8.03600025177002,7.6875,8.030500411987305,7.980895042419434,602312000
"2020-05-15",7.889750003814697,8.500499725341797,7.874000072479248,8.490750312805176,8.438300132751465,987660000
"2020-05-18",8.760499954223633,8.916500091552734,8.680500030517578,8.750249862670898,8.696197509765625,774460000
"2020-05-19",8.790249824523926,9.087499618530273,8.762749671936035,8.805500030517578,8.751104354858398,717320000
"2020-05-20",8.991000175476074,9.043000221252441,8.888750076293945,8.970000267028809,8.914591789245605,587536000
"2020-05-21",9.05150032043457,9.052499771118164,8.737500190734863,8.775250434875488,8.721044540405273,761068000
"2020-05-22",8.825249671936035,9.093000411987305,8.713250160217285,9.026249885559082,8.97049331665039,1038764000
"2020-05-26",9.156749725341797,9.181750297546387,8.67199993133545,8.71774959564209,8.663898468017578,770780000
"2020-05-27",8.625,8.632749557495117,7.9967498779296875,8.525250434875488,8.472590446472168,1175892000
"2020-05-28",8.412249565124512,8.760499954223633,8.379249572753906,8.487000465393066,8.434575080871582,734896000
"2020-05-29",8.554499626159668,8.875499725341797,8.484999656677246,8.875499725341797,8.820674896240234,745256000
"2020-06-01",8.833250045776367,8.840749740600586,8.689499855041504,8.806249618530273,8.751850128173828,389876000
"2020-06-02",8.796250343322754,8.837249755859375,8.657999992370605,8.825249671936035,8.770735740661621,391320000
"2020-06-03",8.822250366210938,8.866250038146973,8.699999809265137,8.769499778747559,8.715328216552734,365440000
"2020-06-04",8.727999687194824,8.943249702453613,8.677499771118164,8.766500473022461,8.716322898864746,424280000
"2020-06-05",8.794500350952148,8.996999740600586,8.708000183105469,8.920000076293945,8.868945121765137,481748000
"2020-06-08",8.877249717712402,8.889749526977539,8.685750007629395,8.805000305175781,8.75460433959961,387736000
"2020-06-09",8.800000190734863,9.109749794006348,8.751250267028809,9.045999526977539,8.99422550201416,468488000
"2020-06-10",9.167750358581543,9.5,9.153499603271484,9.36674976348877,9.313136100769043,632180000
"2020-06-11",9.149999618530273,9.261249542236328,8.78600025177002,8.796250343322754,8.745905876159668,583652000
"2020-06-12",9.162500381469727,9.187250137329102,8.70324993133545,8.932499885559082,8.881375312805176,570908000
"2020-06-15",8.815250396728516,9.182250022888184,8.743749618530273,9.173749923706055,9.121241569519043,400004000
"2020-06-16",9.225000381469727,9.26675033569336,8.838749885559082,9.068499565124512,9.016595840454102,535716000
"2020-06-17",9.113750457763672,9.298999786376953,9.070249557495117,9.236000061035156,9.183138847351074,408304000
"2020-06-18",9.22700023651123,9.282500267028809,9.114500045776367,9.218000411987305,9.165241241455078,254408000
"2020-06-19",9.242500305175781,9.444999694824219,9.227250099182129,9.261249542236328,9.208242416381836,524160000
"2020-06-22",9.300000190734863,9.53125,9.273249626159668,9.526749610900879,9.472222328186035,398468000
"2020-06-23",9.550999641418457,9.642499923706055,9.407500267028809,9.449999809265137,9.39591121673584,375108000
"2020-06-24",9.476249694824219,9.556500434875488,9.144499778747559,9.23550033569336,9.182640075683594,449372000
"2020-06-25",9.35575008392334,9.505000114440918,9.182250022888184,9.489999771118164,9.435680389404297,376072000
"2020-06-26",9.5,9.5,9.125,9.154999732971191,9.10260009765625,592084000
"2020-06-29",9.169750213623047,9.204500198364258,8.899999618530273,9.199999809265137,9.147345542907715,342248000
"2020-06-30",9.314000129699707,9.526249885559082,9.266500473022461,9.497750282287598,9.443388938903809,367892000
"2020-07-01",9.520750045776367,9.575750350952148,9.413000106811523,9.529999732971191,9.475452423095703,326648000
"2020-07-02",9.638999938964844,9.737500190734863,9.57824993133545,9.612250328063965,9.557231903076172,364056000
"2020-07-06",9.74174976348877,9.9087495803833,9.712499618530273,9.839249610900879,9.782933235168457,315892000
"2020-07-07",9.946249961853027,10.069999694824219,9.850749969482422,9.871749877929688,9.8152494430542,357800000
"2020-07-08",9.993749618530273,10.225000381469727,9.965499877929688,10.215999603271484,10.157524108886719,365480000
"2020-07-09",10.380249977111816,10.569999694824219,10.233499526977539,10.508999824523926,10.448851585388184,494548000
"2020-07-10",10.588749885559082,10.65524959564209,10.37874984741211,10.479249954223633,10.419273376464844,497676000
"2020-07-13",10.595000267028809,10.79224967956543,10.024999618530273,10.052249908447266,9.994714736938477,457076000
"2020-07-14",10.074999809265137,10.402750015258789,9.785499572753906,10.376999855041504,10.317607879638672,542676000
"2020-07-15",10.414250373840332,10.432999610900879,10.055749893188477,10.227250099182129,10.16871166229248,403984000
"2020-07-16",10.015000343322754,10.20674991607666,9.895500183105469,10.134750366210938,10.076743125915527,344964000
"2020-07-17",10.225500106811523,10.248499870300293,10.087750434875488,10.201499938964844,10.143110275268555,266284000
"2020-07-20",10.274250030517578,10.53125,10.156749725341797,10.510749816894531,10.450592041015625,284852000
"2020-07-21",10.512999534606934,10.5600004196167,10.286749839782715,10.328499794006348,10.26938247680664,277036000
"2020-07-22",10.367500305175781,10.602499961853027,10.291500091552734,10.438750267028809,10.37900161743164,367292000
"2020-07-23",10.449999809265137,10.54699993133545,10.03125,10.12975025177002,10.07177448272705,411660000
"2020-07-24",9.875,10.364749908447266,9.777000427246094,10.194499969482422,10.136150360107422,473292000
"2020-07-27",10.232250213623047,10.441749572753906,10.21774959564209,10.421500205993652,10.361852645874023,292132000
"2020-07-28",10.374250411987305,10.381999969482422,10.209250450134277,10.215499877929688,10.157029151916504,271636000
"2020-07-29",10.39074993133545,10.516249656677246,10.347000122070312,10.465499877929688,10.405594825744629,284508000
"2020-07-30",10.375,10.623000144958496,10.295249938964844,10.61400032043457,10.55324935913086,308880000
"2020-07-31",10.563249588012695,10.766500473022461,10.432999610900879,10.614749908447266,10.553996086120605,386080000
"2020-08-03",10.732500076293945,11.098750114440918,10.715250015258789,11.010250091552734,10.947233200073242,412720000
"2020-08-04",11.050000190734863,11.227749824523926,10.906000137329102,11.227749824523926,11.163484573364258,310336000
"2020-08-05",11.244000434875488,11.371749877929688,11.166250228881836,11.286749839782715,11.222149848937988,249924000
"2020-08-06",11.349749565124512,11.357999801635742,11.178750038146973,11.33549976348877,11.270620346069336,244316000
"2020-08-07",11.3125,11.50475025177002,11.037500381469727,11.19950008392334,11.135396957397461,342516000
"2020-08-10",11.334250450134277,11.408249855041504,10.856499671936035,11.164999961853027,11.101097106933594,427796000
"2020-08-11",11.073749542236328,11.136750221252441,10.79574966430664,10.850000381469727,10.787900924682617,354512000
"2020-08-12",10.990750312805176,11.467000007629395,10.958250045776367,11.440250396728516,11.374772071838379,464412000
"2020-08-13",11.545999526977539,11.721750259399414,11.35575008392334,11.442999839782715,11.377506256103516,374460000
"2020-08-14",11.529999732971191,11.704750061035156,11.440500259399414,11.564000129699707,11.497810363769531,366436000
"2020-08-17",11.851249694824219,12.409749984741211,11.81725025177002,12.336999893188477,12.266386985778809,621300000
"2020-08-18",12.449999809265137,12.496000289916992,12.086250305175781,12.260749816894531,12.19057559967041,503448000
"2020-08-19",12.296500205993652,12.3149995803833,12.097999572753906,12.138500213623047,12.069023132324219,622624000
"2020-08-20",11.975000381469727,12.375,11.87874984741211,12.140999794006348,12.071511268615723,921388000
"2020-08-21",12.201749801635742,12.80875015258789,12.195249557495117,12.683500289916992,12.610902786254883,999868000
"2020-08-24",12.883749961853027,12.912500381469727,12.507499694824219,12.720250129699707,12.647445678710938,490564000
"2020-08-25",12.630749702453613,12.761249542236328,12.573749542236328,12.75,12.677023887634277,289076000
"2020-08-26",12.799249649047852,12.868499755859375,12.677749633789062,12.77299976348877,12.699892044067383,321244000
"2020-08-27",12.781499862670898,12.850000381469727,12.566499710083008,12.628250122070312,12.55596923828125,317604000
"2020-08-28",12.675000190734863,13.14799976348877,12.642499923706055,13.147749900817871,13.072495460510254,537160000
"2020-08-31",13.18274974822998,13.574999809265137,13.037750244140625,13.374500274658203,13.29794979095459,500840000
"2020-09-01",13.479999542236328,13.993749618530273,13.43649959564209,13.821000099182129,13.746005058288574,511316000
"2020-09-02",14.703749656677246,14.726750373840332,13.899999618530273,14.346500396728516,14.268653869628906,874012000
"2020-09-03",13.828749656677246,13.884499549865723,12.87874984741211,13.01550006866455,12.944877624511719,945128000
"2020-09-04",12.7837495803833,13.175000190734863,11.704750061035156,12.6225004196167,12.554008483886719,1463684000
"2020-09-08",11.73449993133545,12.550000190734863,11.70425033569336,11.913000106811523,11.848358154296875,795728000
"2020-09-09",12.399999618530273,12.809249877929688,12.231749534606934,12.71500015258789,12.64600658416748,736200000
"2020-09-10",12.989250183105469,13.065250396728516,12.166999816894531,12.311750411987305,12.244945526123047,698684000
"2020-09-11",12.48550033569336,12.65250015258789,11.895750045776367,12.16450023651123,12.098496437072754,636928000
"2020-09-14",13.081000328063965,13.3149995803833,12.631250381469727,12.872249603271484,12.802403450012207,1201744000
"2020-09-15",13.279999732971191,13.298749923706055,12.827750205993652,12.991000175476074,12.92050838470459,727556000
"2020-09-16",12.957249641418457,13.09274959564209,12.513750076293945,12.51449966430664,12.446599006652832,556384000
"2020-09-17",12.13224983215332,12.589750289916992,12.034749984741211,12.463500022888184,12.395869255065918,792512000
"2020-09-18",12.59375,12.632499694824219,11.988750457763672,12.189249992370605,12.123111724853516,698460000
"2020-09-21",11.925000190734863,12.522500038146973,11.904500007629395,12.517250061035156,12.44933032989502,721044000
"2020-09-22",12.574999809265137,12.64799976348877,12.155500411987305,12.637749671936035,12.56917667388916,646452000
"2020-09-23",12.575499534606934,12.72700023651123,12.07925033569336,12.123749732971191,12.057966232299805,647012000
"2020-09-24",12.072250366210938,12.569499969482422,12.013999938964844,12.347999572753906,12.280999183654785,731240000
"2020-09-25",12.447500228881836,12.883500099182129,12.245750427246094,12.873749732971191,12.803895950317383,588016000
"2020-09-28",13.040249824523926,13.051750183105469,12.75,13.03499984741211,12.964269638061523,573808000
"2020-09-29",12.9375,13.442749977111816,12.933250427246094,13.225749969482422,13.153984069824219,621460000
"2020-09-30",13.157500267028809,13.6225004196167,13.150250434875488,13.530500411987305,13.45708179473877,689184000
"2020-10-01",13.758000373840332,13.762749671936035,13.460749626159668,13.614500045776367,13.540624618530273,525004000
"2020-10-02",13.225000381469727,13.519499778747559,13.050999641418457,13.062250137329102,12.991374969482422,552496000
"2020-10-05",13.236000061035156,13.64424991607666,13.222749710083008,13.642499923706055,13.568471908569336,479820000
"2020-10-06",13.829999923706055,14.142000198364258,13.664999961853027,13.736499786376953,13.661965370178223,784420000
"2020-10-07",13.999750137329102,14.119250297546387,13.863499641418457,13.96399974822998,13.888229370117188,418084000
"2020-10-08",14.074999809265137,14.084500312805176,13.758000373840332,13.838749885559082,13.763657569885254,378900000
"2020-10-09",13.767000198364258,13.824250221252441,13.660750389099121,13.762749671936035,13.688070297241211,346892000
"2020-10-12",13.989500045776367,14.347000122070312,13.912500381469727,14.22599983215332,14.148807525634766,434744000
"2020-10-13",14.296500205993652,14.34850025177002,14.018750190734863,14.248250007629395,14.170937538146973,344604000
"2020-10-14",14.290499687194824,14.34274959564209,13.960000038146973,14.095250129699707,14.018768310546875,276100000
"2020-10-15",13.810750007629395,14.005749702453613,13.767749786376953,13.970000267028809,13.894196510314941,267224000
"2020-10-16",14.036749839782715,14.121500015258789,13.792499542236328,13.81149959564209,13.736556053161621,242392000
"2020-10-19",13.902999877929688,13.983499526977539,13.406749725341797,13.497750282287598,13.424510955810547,298068000
"2020-10-20",13.583499908447266,13.799750328063965,13.506999969482422,13.645500183105469,13.571457862854004,229212000
"2020-10-21",13.625,13.791500091552734,13.477499961853027,13.524749755859375,13.451364517211914,219596000
"2020-10-22",13.522500038146973,13.611749649047852,13.231749534606934,13.361000061035156,13.288503646850586,290480000
"2020-10-23",13.449999809265137,13.593250274658203,13.291250228881836,13.590250015258789,13.516508102416992,233484000
"2020-10-26",13.427000045776367,13.692749977111816,13.03849983215332,13.141249656677246,13.06994342803955,336896000
"2020-10-27",13.305999755859375,13.442000389099121,13.191499710083008,13.396750450134277,13.32405948638916,250520000
"2020-10-28",13.197999954223633,13.260000228881836,12.609000205993652,12.626999855041504,12.558485984802246,376520000
"2020-10-29",12.838500022888184,13.192749977111816,12.75,13.02400016784668,12.95333194732666,320080000
"2020-10-30",12.850000381469727,12.93649959564209,12.300000190734863,12.534000396728516,12.46599006652832,416820000
"2020-11-02",12.657750129699707,12.836750030517578,12.395000457763672,12.580750465393066,12.512484550476074,299652000
"2020-11-03",12.708499908447266,13.104999542236328,12.602749824523926,13.019499778747559,12.94885540008545,272900000
"2020-11-04",13.389249801635742,13.827500343322754,13.336999893188477,13.794249534606934,13.719400405883789,410228000
"2020-11-05",14.162500381469727,14.33899974822998,13.991000175476074,14.15999984741211,14.08316421508789,319028000
"2020-11-06",14.109749794006348,14.588749885559082,13.895000457763672,14.562000274658203,14.482987403869629,383348000
"2020-11-09",14.552499771118164,14.691499710083008,13.610750198364258,13.630749702453613,13.556787490844727,582976000
"2020-11-10",13.606499671936035,13.606499671936035,12.628250122070312,12.770000457763672,12.700709342956543,644068000
"2020-11-11",13.053750038146973,13.4350004196167,12.948249816894531,13.418000221252441,13.345190048217773,404744000
"2020-11-12",13.479000091552734,13.765999794006348,13.315999984741211,13.45674991607666,13.383729934692383,365812000
"2020-11-13",13.627249717712402,13.668749809265137,13.059249877929688,13.29699993133545,13.22485065460205,346312000
"2020-11-16",13.172499656677246,13.649499893188477,13.156000137329102,13.515250205993652,13.441914558410645,413776000
"2020-11-17",13.552499771118164,13.5962495803833,13.303750038146973,13.422249794006348,13.349417686462402,312028000
"2020-11-18",13.465250015258789,13.60575008392334,13.1850004196167,13.428750038146973,13.35588550567627,510924000
"2020-11-19",13.212750434875488,13.487500190734863,13.100000381469727,13.440250396728516,13.367319107055664,565936000
"2020-11-20",13.454000473022461,13.494500160217285,13.0649995803833,13.087750434875488,13.016735076904297,341088000
"2020-11-23",13.171250343322754,13.382499694824219,13.01550006866455,13.140000343322754,13.068703651428223,361356000
"2020-11-24",13.142499923706055,13.161999702453613,12.885000228881836,12.95775032043457,12.887441635131836,346500000
"2020-11-25",13.032500267028809,13.269499778747559,13.020000457763672,13.234749794006348,13.16293716430664,259916000
"2020-11-27",13.375,13.407500267028809,13.170499801635742,13.261249542236328,13.18929386138916,167276000
"2020-11-30",13.265000343322754,13.412500381469727,12.972249984741211,13.40149974822998,13.328777313232422,286952000
"2020-12-01",13.492250442504883,13.5287504196167,13.228249549865723,13.390000343322754,13.317344665527344,296948000
"2020-12-02",13.350500106811523,13.673500061035156,13.23425006866455,13.544500350952148,13.47100830078125,283360000
"2020-12-03",13.587499618530273,13.65999984741211,13.329000473022461,13.395999908447266,13.327247619628906,199520000
"2020-12-04",13.44849967956543,13.5600004196167,13.388750076293945,13.558250427246094,13.488662719726562,202244000
"2020-12-07",13.601249694824219,13.731249809265137,13.5,13.606749534606934,13.536913871765137,223244000
"2020-12-08",13.585000038146973,13.598750114440918,13.281499862670898,13.350000381469727,13.28148365020752,271920000
"2020-12-09",13.30049991607666,13.413999557495117,12.868249893188477,12.930749893188477,12.864386558532715,401300000
"2020-12-10",12.869000434875488,13.068750381469727,12.849499702453613,12.972249984741211,12.905672073364258,207764000
"2020-12-11",12.967249870300293,13.020000457763672,12.822999954223633,13.013250350952148,12.94646167755127,209264000
"2020-12-14",13.088000297546387,13.388750076293945,13.077500343322754,13.30875015258789,13.240445137023926,270156000
"2020-12-15",13.439749717712402,13.46399974822998,13.186750411987305,13.36050033569336,13.29193115234375,193016000
"2020-12-16",13.422499656677246,13.437250137329102,13.212499618530273,13.242500305175781,13.174537658691406,223116000
"2020-12-17",13.36674976348877,13.379500389099121,13.178500175476074,13.3412504196167,13.27277946472168,231384000
"2020-12-18",13.378999710083008,13.404999732971191,13.070500373840332,13.272000312805176,13.203885078430176,342064000
"2020-12-21",13.074749946594238,13.369999885559082,12.967499732971191,13.332249641418457,13.263821601867676,302332000
"2020-12-22",13.319250106811523,13.337249755859375,13.053999900817871,13.278249740600586,13.210102081298828,185580000
"2020-12-23",13.255999565124512,13.274999618530273,13.005000114440918,13.009249687194824,12.942482948303223,179144000
"2020-12-24",13.037249565124512,13.132499694824219,12.938750267028809,12.993749618530273,12.927061080932617,97884000
"2020-12-28",13.0625,13.0625,12.763250350952148,12.899999618530273,12.833792686462402,212564000
"2020-12-29",12.925000190734863,13.072500228881836,12.842249870300293,12.943249702453613,12.87682056427002,170372000
"2020-12-30",12.990249633789062,13.213749885559082,12.896750450134277,13.145750045776367,13.07828140258789,225396000
"2020-12-31",13.136500358581543,13.151000022888184,12.914999961853027,13.055000305175781,12.987997055053711,192424000
"2021-01-04",13.104249954223633,13.65250015258789,12.962499618530273,13.113499641418457,13.046195030212402,560640000
"2021-01-05",13.099749565124512,13.443499565124512,13.086999893188477,13.404749870300293,13.335951805114746,322760000
"2021-01-06",13.22249984741211,13.244999885559082,12.586000442504883,12.614500045776367,12.549757957458496,580424000
"2021-01-07",12.967499732971191,13.377750396728516,12.886500358581543,13.343999862670898,13.275517463684082,461480000
"2021-01-08",13.362500190734863,13.420999526977539,13.041999816894531,13.276749610900879,13.208606719970703,292528000
"2021-01-11",13.418749809265137,13.961000442504883,13.362500190734863,13.621500015258789,13.551590919494629,518344000
"2021-01-12",13.7524995803833,13.754500389099121,13.345000267028809,13.484749794006348,13.415541648864746,291476000
"2021-01-13",13.489999771118164,13.625,13.385000228881836,13.531749725341797,13.462302207946777,210028000
"2021-01-14",13.574999809265137,13.599749565124512,13.180500030517578,13.200249671936035,13.132499694824219,283120000
"2021-01-15",13.227999687194824,13.325249671936035,12.84850025177002,12.85949993133545,12.793499946594238,277780000
"2021-01-19",13.016249656677246,13.093999862670898,12.843999862670898,13.025250434875488,12.958402633666992,226188000
"2021-01-20",13.111749649047852,13.430500030517578,13.056750297546387,13.365750312805176,13.297151565551758,258572000
"2021-01-21",13.418499946594238,13.999250411987305,13.253000259399414,13.867500305175781,13.796326637268066,337780000
"2021-01-22",13.739999771118164,13.841750144958496,13.627249717712402,13.712499618530273,13.64212417602539,246820000
"2021-01-25",13.781749725341797,13.828499794006348,13.236499786376953,13.653249740600586,13.583176612854004,251112000
"2021-01-26",13.580499649047852,13.644749641418457,13.387499809265137,13.435250282287598,13.366294860839844,163980000
"2021-01-27",13.229999542236328,13.232749938964844,12.793749809265137,12.917750358581543,12.85145378112793,371272000
"2021-01-28",12.99625015258789,13.339750289916992,12.96049976348877,13.050999641418457,12.984017372131348,228316000
"2021-01-29",13.074999809265137,13.334750175476074,12.911499977111816,12.989749908447266,12.92308235168457,271552000
"2021-02-01",13.053250312805176,13.270750045776367,12.902750015258789,13.237000465393066,13.169062614440918,217204000
"2021-02-02",13.398750305175781,13.571999549865723,13.285499572753906,13.556750297546387,13.48717212677002,220440000
"2021-02-03",13.63599967956543,13.931750297546387,13.516500473022461,13.530500411987305,13.46105670928955,245408000
"2021-02-04",13.531000137329102,13.673500061035156,13.337750434875488,13.664250373840332,13.594120979309082,201340000
"2021-02-05",13.725000381469727,13.737250328063965,13.54574966430664,13.590999603271484,13.521245002746582,169152000
"2021-02-08",13.727250099182129,14.473750114440918,13.727250099182129,14.438750267028809,14.364645957946777,434624000
"2021-02-09",14.340749740600586,14.583250045776367,14.22249984741211,14.263250350952148,14.190047264099121,287560000
"2021-02-10",14.463250160217285,14.904999732971191,14.341500282287598,14.764249801635742,14.688474655151367,485352000
"2021-02-11",14.980250358581543,15.272250175476074,14.925000190734863,15.250749588012695,15.172480583190918,450828000
"2021-02-12",15.050000190734863,15.291250228881836,14.774999618530273,14.961250305175781,14.884466171264648,374756000
"2021-02-16",15.064249992370605,15.3725004196167,14.949999809265137,15.330249786376953,15.251569747924805,321960000
"2021-02-17",15.170999526977539,15.22350025177002,14.779999732971191,14.906000137329102,14.829498291015625,274756000
"2021-02-18",14.729000091552734,14.873250007629395,14.574999809265137,14.829000473022461,14.75289535522461,233868000
"2021-02-19",15.024499893188477,15.177000045776367,14.846750259399414,14.92650032043457,14.849893569946289,271724000
"2021-02-22",14.774749755859375,15.13325023651123,14.324999809265137,14.35575008392334,14.282071113586426,325884000
"2021-02-23",14.075249671936035,14.238750457763672,13.38949966430664,14.142000198364258,14.069418907165527,391780000
"2021-02-24",14.122750282287598,14.506750106811523,13.755999565124512,14.49899959564209,14.424588203430176,448320000
"2021-02-25",14.045499801635742,14.374750137329102,13.2162504196167,13.307499885559082,13.239203453063965,824436000
"2021-02-26",13.7524995803833,13.854499816894531,13.361000061035156,13.714500427246094,13.644113540649414,500932000
"2021-03-01",13.875,13.925000190734863,13.553250312805176,13.841750144958496,13.770709037780762,353184000
"2021-03-02",13.899999618530273,13.920499801635742,13.395999908447266,13.40625,13.337445259094238,264116000
"2021-03-03",13.426250457763672,13.451499938964844,12.798749923706055,12.804750442504883,12.739033699035645,377592000
"2021-03-04",12.800749778747559,12.975000381469727,12.083749771118164,12.37024974822998,12.306761741638184,573344000
"2021-03-05",12.550000190734863,12.550000190734863,11.67924976348877,12.46150016784668,12.397542953491211,542840000
"2021-03-08",12.449999809265137,12.4712495803833,11.566499710083008,11.593250274658203,11.533750534057617,543112000
"2021-03-09",12.130249977111816,12.61674976348877,12.059249877929688,12.52025032043457,12.46029281616211,521824000
"2021-03-10",12.840499877929688,12.979999542236328,12.457500457763672,12.468250274658203,12.408541679382324,384376000
"2021-03-11",12.949999809265137,13.046250343322754,12.73449993133545,12.993499755859375,12.931275367736816,299916000
"2021-03-12",12.648249626159668,12.888750076293945,12.59000015258789,12.855999946594238,12.79443359375,243964000
"2021-03-15",12.864749908447266,13.20674991607666,12.767250061035156,13.19124984741211,13.128077507019043,221988000
"2021-03-16",13.356499671936035,13.512499809265137,13.11674976348877,13.291250228881836,13.227601051330566,272128000
"2021-03-17",13.039750099182129,13.45324993133545,12.989500045776367,13.3412504196167,13.277359962463379,243864000
"2021-03-18",13.136500358581543,13.184000015258789,12.717000007629395,12.72249984741211,12.661572456359863,293896000
"2021-03-19",12.75,12.921500205993652,12.612500190734863,12.845749855041504,12.784232139587402,299208000
"2021-03-22",12.912750244140625,13.394499778747559,12.906749725341797,13.186249732971191,13.123104095458984,297804000
"2021-03-23",13.254249572753906,13.344499588012695,13.021249771118164,13.07075023651123,13.008155822753906,222048000
"2021-03-24",13.151249885559082,13.159250259399414,12.636750221252441,12.642999649047852,12.582452774047852,245840000
"2021-03-25",12.499500274658203,12.714750289916992,12.272000312805176,12.535249710083008,12.475218772888184,295144000
"2021-03-26",12.554499626159668,12.856249809265137,12.373499870300293,12.839249610900879,12.777765274047852,363968000
"2021-03-29",12.820249557495117,13.0625,12.699999809265137,12.948249816894531,12.886242866516113,273520000
"2021-03-30",12.842000007629395,12.975250244140625,12.704999923706055,12.871749877929688,12.81010913848877,200204000
"2021-03-31",13.01550006866455,13.470499992370605,12.982500076293945,13.348250389099121,13.284326553344727,314776000
"2021-04-01",13.572250366210938,13.869999885559082,13.511249542236328,13.811750411987305,13.745607376098633,308276000
"2021-04-05",13.867500305175781,14.013999938964844,13.732999801635742,13.987500190734863,13.920515060424805,255672000
"2021-04-06",13.999750137329102,14.05424976348877,13.773500442504883,13.861499786376953,13.795120239257812,191744000
"2021-04-07",13.880749702453613,14.243499755859375,13.71150016784668,14.143500328063965,14.075766563415527,251284000
"2021-04-08",14.252750396728516,14.471500396728516,14.24899959564209,14.317000389099121,14.24843692779541,244416000
"2021-04-09",14.21399974822998,14.407999992370605,14.175000190734863,14.399999618530273,14.331039428710938,195172000
"2021-04-12",14.289750099182129,15.352499961853027,14.139249801635742,15.208999633789062,15.136167526245117,869324000
"2021-04-13",15.231499671936035,15.699999809265137,15.125749588012695,15.679499626159668,15.604413032531738,676212000
"2021-04-14",15.625,15.720499992370605,15.227499961853027,15.277000427246094,15.203839302062988,385500000
"2021-04-15",15.662500381469727,16.214250564575195,15.631500244140625,16.137250900268555,16.059968948364258,598480000
"2021-04-16",16.05299949645996,16.16575050354004,15.865249633789062,15.912500381469727,15.836297988891602,335208000
"2021-04-19",15.536499977111816,15.807499885559082,15.232999801635742,15.361749649047852,15.28818416595459,404420000
"2021-04-20",15.323249816894531,15.496999740600586,14.963000297546387,15.171250343322754,15.098597526550293,334132000
"2021-04-21",15.118749618530273,15.362500190734863,15.102250099182129,15.36050033569336,15.286940574645996,216776000
"2021-04-22",15.375,15.43850040435791,14.783499717712402,14.850250244140625,14.779135704040527,277788000
"2021-04-23",14.934249877929688,15.335000038146973,14.900250434875488,15.265250205993652,15.192147254943848,227500000
"2021-04-26",15.1850004196167,15.479000091552734,15.125,15.477999687194824,15.403877258300781,197796000
"2021-04-27",15.578499794006348,15.670499801635742,15.354499816894531,15.381750106811523,15.308090209960938,164572000
"2021-04-28",15.364500045776367,15.53225040435791,15.215499877929688,15.276749610900879,15.203591346740723,209416000
"2021-04-29",15.399999618530273,15.43649959564209,15.071499824523926,15.324749946594238,15.251359939575195,173196000
"2021-04-30",15.174500465393066,15.364999771118164,14.996999740600586,15.009499549865723,14.937621116638184,201912000
"2021-05-03",15.125,15.246749877929688,14.787500381469727,14.836750030517578,14.765700340270996,203912000
"2021-05-04",14.637249946594238,14.637499809265137,14.010250091552734,14.351249694824219,14.282523155212402,405324000
"2021-05-05",14.708999633789062,14.81350040435791,14.387499809265137,14.458499908447266,14.38925838470459,292024000
"2021-05-06",14.49524974822998,14.571249961853027,14.218000411987305,14.52299976348877,14.453453063964844,193380000
"2021-05-07",14.808250427246094,14.970749855041504,14.67175006866455,14.812250137329102,14.741317749023438,229328000
"2021-05-10",14.787249565124512,14.805999755859375,14.25,14.26574993133545,14.197432518005371,268904000
"2021-05-11",13.824999809265137,14.35474967956543,13.75,14.306249618530273,14.237737655639648,285584000
"2021-05-12",14.009499549865723,14.260250091552734,13.709250450134277,13.758500099182129,13.692610740661621,303408000
"2021-05-13",14.0337495803833,14.080750465393066,13.458999633789062,13.665249824523926,13.599807739257812,285404000
"2021-05-14",13.890000343322754,14.32800006866455,13.748499870300293,14.243000030517578,14.17479133605957,258616000
"2021-05-17",14.156999588012695,14.169249534606934,13.853500366210938,14.165499687194824,14.097661972045898,216980000
"2021-05-18",14.267000198364258,14.404250144958496,14.003999710083008,14.01574993133545,13.948630332946777,186256000
"2021-05-19",13.566499710083008,14.079500198364258,13.54325008392334,14.065750122070312,13.998390197753906,344000000
"2021-05-20",14.302499771118164,14.68375015258789,14.270500183105469,14.612500190734863,14.542522430419922,321592000
"2021-05-21",15.163749694824219,15.222000122070312,14.869500160217285,14.99174976348877,14.919955253601074,672992000
"2021-05-24",15.212499618530273,15.744999885559082,15.175999641418457,15.612000465393066,15.537237167358398,554816000
"2021-05-25",15.765999794006348,15.818499565124512,15.482500076293945,15.647749900817871,15.57281494140625,435408000
"2021-05-26",15.73425006866455,15.793749809265137,15.586250305175781,15.699999809265137,15.6248140335083,370440000
"2021-05-27",15.699749946594238,15.75,15.460000038146973,15.48799991607666,15.413827896118164,581476000
"2021-05-28",15.50100040435791,16.27750015258789,15.50100040435791,16.24449920654297,16.16670799255371,644536000
"2021-06-01",16.270000457763672,16.38825035095215,15.903249740600586,16.26449966430664,16.186614990234375,472804000
"2021-06-02",16.25225067138672,16.918750762939453,16.23550033569336,16.778249740600586,16.697900772094727,594168000
"2021-06-03",16.70075035095215,17.259000778198242,16.58300018310547,16.969749450683594,16.888484954833984,580008000
"2021-06-04",17.112499237060547,17.660999298095703,17.095500946044922,17.578250885009766,17.49407196044922,617120000
"2021-06-07",17.571250915527344,17.8125,17.192750930786133,17.618999481201172,17.534622192382812,575756000
"2021-06-08",17.527250289916992,17.62150001525879,17.250999450683594,17.457000732421875,17.37339973449707,323848000
"2021-06-09",17.515750885009766,17.575000762939453,17.25575065612793,17.35824966430664,17.279081344604492,381656000
"2021-06-10",17.350000381469727,17.492000579833984,17.176000595092773,17.424999237060547,17.34552574157715,287772000
"2021-06-11",17.47949981689453,17.939250946044922,17.443750381469727,17.82525062561035,17.743953704833984,416308000
"2021-06-14",17.9060001373291,18.039499282836914,17.662750244140625,18.018749237060547,17.93657112121582,321376000
"2021-06-15",17.915000915527344,18.016250610351562,17.72800064086914,17.78849983215332,17.707366943359375,243032000
"2021-06-16",17.79075050354004,17.954750061035156,17.58449935913086,17.81024932861328,17.72901725769043,307124000
"2021-06-17",17.774499893188477,18.834999084472656,17.756250381469727,18.657249450683594,18.57215690612793,809656000
"2021-06-18",18.784000396728516,19.375,18.583999633789062,18.638750076293945,18.553741455078125,968856000
"2021-06-21",18.43524932861328,18.536500930786133,17.822750091552734,18.427249908447266,18.34320640563965,672384000
"2021-06-22",18.471500396728516,18.9637508392334,18.38599967956543,18.886749267578125,18.80061149597168,580144000
"2021-06-23",19.007749557495117,19.15275001525879,18.90774917602539,19.057249069213867,18.970335006713867,332356000
"2021-06-24",19.227750778198242,19.420000076293945,19.08824920654297,19.20549964904785,19.117908477783203,320924000
"2021-06-25",19.280500411987305,19.345500946044922,18.894500732421875,19.0310001373291,18.94420051574707,278364000
"2021-06-28",19.361249923706055,20.078750610351562,19.319000244140625,19.985000610351562,19.89385223388672,495436000
"2021-06-29",19.88249969482422,20.0987491607666,19.656999588012695,20.026750564575195,19.93541145324707,367632000
"2021-06-30",19.999250411987305,20.162500381469727,19.863750457763672,20.002500534057617,19.911272048950195,326568000
"2021-07-01",20.125,20.45599937438965,20.018999099731445,20.211999893188477,20.119815826416016,480136000
"2021-07-02",20.440250396728516,20.505250930786133,20.287750244140625,20.48699951171875,20.3935604095459,342764000
"2021-07-06",20.737499237060547,20.841999053955078,20.350250244140625,20.69849967956543,20.604095458984375,446708000
"2021-07-07",20.853500366210938,20.875,20.332000732421875,20.371749877929688,20.278841018676758,418428000
"2021-07-08",19.85650062561035,20.132999420166016,19.70075035095215,19.90275001525879,19.81197738647461,503300000
"2021-07-09",19.962499618530273,20.080249786376953,19.754249572753906,20.050249099731445,19.958803176879883,296624000
"2021-07-12",20.239999771118164,20.53274917602539,20.1877498626709,20.512500762939453,20.4189453125,321984000
"2021-07-13",20.40049934387207,20.46125030517578,20.11400032043457,20.25,20.15764045715332,290708000
"2021-07-14",20.357749938964844,20.417749404907227,19.752750396728516,19.84149932861328,19.75100326538086,380100000
"2021-07-15",19.811750411987305,19.847000122070312,18.85849952697754,18.966249465942383,18.87975311279297,550564000
"2021-07-16",19.030500411987305,19.156999588012695,18.072999954223633,18.160999298095703,18.078170776367188,688224000
"2021-07-19",17.915250778198242,19.04199981689453,17.86549949645996,18.77975082397461,18.69409942626953,749060000
"2021-07-20",18.729999542236328,18.83799934387207,18.163999557495117,18.61199951171875,18.527114868164062,434687000
"2021-07-21",18.881999969482422,19.527000427246094,18.742000579833984,19.40999984741211,19.321474075317383,371017000
"2021-07-22",19.642000198364258,19.886999130249023,19.275999069213867,19.5939998626709,19.504634857177734,323826000
"2021-07-23",19.6560001373291,19.700000762939453,19.25,19.558000564575195,19.46879768371582,195672000
"2021-07-26",19.31100082397461,19.441999435424805,18.913999557495117,19.29400062561035,19.206003189086914,203943000
"2021-07-27",19.264999389648438,19.621999740600586,18.740999221801758,19.20800018310547,19.12039566040039,248863000
"2021-07-28",19.319000244140625,19.645999908447266,18.9950008392334,19.503000259399414,19.41405487060547,202191000
"2021-07-29",19.518999099731445,19.85300064086914,19.327999114990234,19.66200065612793,19.57232666015625,190781000
"2021-07-30",19.417999267578125,19.6299991607666,19.26300048828125,19.499000549316406,19.41006851196289,183497000
"2021-08-02",19.700000762939453,19.961000442504883,19.361000061035156,19.75,19.659927368164062,217444000
"2021-08-03",19.739999771118164,20.222000122070312,19.219999313354492,19.815000534057617,19.72463035583496,301811000
"2021-08-04",19.989999771118164,20.31800079345703,19.827999114990234,20.27400016784668,20.18153190612793,231309000
"2021-08-05",20.5,20.732999801635742,20.341999053955078,20.636999130249023,20.54288101196289,211435000
"2021-08-06",20.52400016784668,20.56999969482422,20.209999084472656,20.365999221801758,20.273115158081055,178497000
"2021-08-09",20.445999145507812,20.507999420166016,20.14299964904785,20.295000076293945,20.202438354492188,146443000
"2021-08-10",20.32200050354004,20.43000030517578,19.834999084472656,19.93600082397461,19.845073699951172,179238000
"2021-08-11",20.042999267578125,20.048999786376953,19.43000030517578,19.698999404907227,19.609153747558594,185925000
"2021-08-12",19.8700008392334,20.02899932861328,19.6200008392334,19.905000686645508,19.8142147064209,151652000
"2021-08-13",19.905000686645508,20.214000701904297,19.85099983215332,20.187999725341797,20.09592628479004,183063000
"2021-08-16",20.135000228881836,20.28700065612793,19.452999114990234,19.950000762939453,19.8590087890625,210876000
"2021-08-17",19.684999465942383,19.770000457763672,19.267000198364258,19.45800018310547,19.369258880615234,204585000
"2021-08-18",19.5,19.634000778198242,19.0,19.040000915527344,18.953163146972656,285913000
"2021-08-19",19.493999481201172,20.4950008392334,18.761999130249023,19.79800033569336,19.707704544067383,766555000
"2021-08-20",19.990999221801758,20.864999771118164,19.933000564575195,20.81599998474121,20.72106170654297,675741000
"2021-08-23",20.97100067138672,21.996999740600586,20.950000762939453,21.95800018310547,21.85785675048828,575807000
"2021-08-24",21.753000259399414,21.958999633789062,21.53499984741211,21.792999267578125,21.693603515625,297299000
"2021-08-25",21.73699951171875,22.469999313354492,21.722000122070312,22.21299934387207,22.1116886138916,347701000
"2021-08-26",22.200000762939453,22.34000015258789,21.790000915527344,22.06800079345703,21.96735382080078,237940000
"2021-08-27",22.18400001525879,22.722000122070312,22.16699981689453,22.63599967956543,22.53276252746582,304722000
"2021-08-30",22.829999923706055,23.042999267578125,22.551000595092773,22.687999725341797,22.584524154663086,262580000
"2021-08-31",22.69499969482422,22.69499969482422,22.1200008392334,22.385000228881836,22.286836624145508,259850000
"2021-09-01",22.485000610351562,22.69700050354004,22.35700035095215,22.44099998474121,22.34259033203125,201767000
"2021-09-02",22.51799964904785,22.593000411987305,22.295000076293945,22.395999908447266,22.297786712646484,187834000
"2021-09-03",22.325000762939453,22.986000061035156,22.200000762939453,22.843000411987305,22.742826461791992,280532000
"2021-09-07",22.83300018310547,22.89900016784668,22.52199935913086,22.66200065612793,22.562620162963867,198107000
"2021-09-08",22.51300048828125,22.610000610351562,21.976999282836914,22.339000701904297,22.24103546142578,254434000
"2021-09-09",22.312000274658203,22.538000106811523,22.131000518798828,22.177000045776367,22.07974624633789,196856000
"2021-09-10",22.347999572753906,22.625999450683594,22.270000457763672,22.47800064086914,22.379426956176758,248376000
"2021-09-13",22.68400001525879,22.964000701904297,21.857999801635742,22.152000427246094,22.054861068725586,297500000
"2021-09-14",22.274999618530273,22.40999984741211,22.086000442504883,22.242000579833984,22.14446258544922,199755000
"2021-09-15",22.30900001525879,22.367000579833984,21.965999603271484,22.340999603271484,22.243026733398438,166538000
"2021-09-16",22.183000564575195,22.277000427246094,21.927000045776367,22.242000579833984,22.14446258544922,156033000
"2021-09-17",22.299999237060547,22.320999145507812,21.829999923706055,21.899999618530273,21.803964614868164,294503000
"2021-09-20",21.145999908447266,21.433000564575195,20.66200065612793,21.113000869750977,21.020414352416992,349440000
"2021-09-21",21.41699981689453,21.424999237060547,20.950000762939453,21.246000289916992,21.15283203125,204688000
"2021-09-22",21.365999221801758,21.959999084472656,21.195999145507812,21.94099998474121,21.84477996826172,268726000
"2021-09-23",22.139999389648438,22.53499984741211,21.889999389648438,22.48200035095215,22.383411407470703,248555000
"2021-09-24",22.06999969482422,22.14900016784668,21.861000061035156,22.08099937438965,21.98417091369629,217655000
"2021-09-27",21.709999084472656,21.798999786376953,21.325000762939453,21.65999984741211,21.565011978149414,245215000
"2021-09-28",21.214000701904297,21.41900062561035,20.650999069213867,20.698999404907227,20.608224868774414,343069000
"2021-09-29",20.940000534057617,21.017000198364258,20.466999053955078,20.517000198364258,20.427026748657227,218394000
"2021-09-30",20.76799964904785,21.06599998474121,20.687999725341797,20.715999603271484,20.625158309936523,221009000
"2021-10-01",20.75,20.858999252319336,20.202999114990234,20.742000579833984,20.651042938232422,240978000
"2021-10-04",20.503999710083008,20.54199981689453,19.55500030517578,19.73200035095215,19.645465850830078,345635000
"2021-10-05",19.950000762939453,20.648000717163086,19.854000091552734,20.451000213623047,20.36131477355957,279282000
"2021-10-06",20.1200008392334,20.719999313354492,20.079999923706055,20.700000762939453,20.609220504760742,297202000
"2021-10-07",21.091999053955078,21.32200050354004,20.972000122070312,21.075000762939453,20.98258399963379,256919000
"2021-10-08",21.10099983215332,21.20599937438965,20.774999618530273,20.83099937438965,20.739652633666992,151258000
"2021-10-11",20.575000762939453,21.062999725341797,20.51099967956543,20.69499969482422,20.604244232177734,163388000
"2021-10-12",20.827999114990234,21.05699920654297,20.527999877929688,20.67099952697754,20.580352783203125,162134000
"2021-10-13",20.917999267578125,20.989999771118164,20.71299934387207,20.93899917602539,20.84717559814453,180652000
"2021-10-14",21.288000106811523,21.7549991607666,21.121999740600586,21.746000289916992,21.650638580322266,243589000
"2021-10-15",21.809999465942383,21.930999755859375,21.66200065612793,21.86199951171875,21.766124725341797,226994000
"2021-10-18",21.749000549316406,22.291000366210938,21.643999099731445,22.222000122070312,22.124549865722656,189494000
"2021-10-19",22.275999069213867,22.378999710083008,22.03700065612793,22.290000915527344,22.1922550201416,161473000
"2021-10-20",22.30500030517578,22.433000564575195,21.98200035095215,22.10300064086914,22.006071090698242,146276000
"2021-10-21",22.097000122070312,22.711000442504883,22.08300018310547,22.691999435424805,22.592493057250977,187590000
"2021-10-22",22.822999954223633,23.1299991607666,22.56100082397461,22.72599983215332,22.626340866088867,249384000
"2021-10-25",22.972999572753906,23.354999542236328,22.770000457763672,23.166000366210938,23.064411163330078,230235000
"2021-10-26",23.98900032043457,25.259000778198242,23.923999786376953,24.716999053955078,24.608604431152344,485898000
"2021-10-27",24.474000930786133,25.09000015258789,24.281999588012695,24.451000213623047,24.343772888183594,245990000
"2021-10-28",24.878000259399414,24.950000762939453,24.523000717163086,24.94099998474121,24.83162498474121,234204000
"2021-10-29",25.000999450683594,25.708999633789062,25.0,25.566999435424805,25.45488166809082,292503000
"2021-11-01",25.64900016784668,25.893999099731445,25.226999282836914,25.82699966430664,25.713741302490234,265740000
"2021-11-02",25.82200050354004,26.67799949645996,25.799999237060547,26.400999069213867,26.285221099853516,294112000
"2021-11-03",26.670000076293945,26.784000396728516,26.235000610351562,26.597999572753906,26.48135757446289,239910000
"2021-11-04",27.229000091552734,31.364999771118164,27.118000030517578,29.801000595092773,29.670316696166992,1153631000
"2021-11-05",30.187000274658203,31.399999618530273,29.40999984741211,29.75200080871582,29.62152862548828,851260000
"2021-11-08",30.14900016784668,31.100000381469727,29.906999588012695,30.804000854492188,30.668920516967773,503101000
"2021-11-09",32.28200149536133,32.310001373291016,29.964000701904297,30.656999588012695,30.522558212280273,646746000
"2021-11-10",29.356000900268555,30.850000381469727,28.777999877929688,29.458999633789062,29.329818725585938,636206000
"2021-11-11",30.468000411987305,30.59000015258789,29.777000427246094,30.389999389648438,30.256732940673828,332172000
"2021-11-12",30.010000228881836,30.68000030517578,29.6299991607666,30.389999389648438,30.256732940673828,413054000
"2021-11-15",30.552000045776367,30.643999099731445,29.246999740600586,30.024999618530273,29.89333152770996,384909000
"2021-11-16",29.759000778198242,30.389999389648438,29.70599937438965,30.202999114990234,30.07054901123047,264484000
"2021-11-17",30.417999267578125,30.509000778198242,28.799999237060547,29.26099967956543,29.132678985595703,428508000
"2021-11-18",32.367000579833984,32.7599983215332,31.320999145507812,31.674999237060547,31.53609275817871,781711000
"2021-11-19",32.24300003051758,33.0880012512207,31.905000686645508,32.98500061035156,32.84034729003906,533867000
"2021-11-22",33.516998291015625,34.64699935913086,31.899999618530273,31.95599937438965,31.81586265563965,754335000
"2021-11-23",31.53499984741211,32.36000061035156,30.8799991607666,31.746000289916992,31.606781005859375,532163000
"2021-11-24",31.461000442504883,32.85499954223633,30.92799949645996,32.67399978637695,32.53071212768555,435162000
"2021-11-26",32.599998474121094,32.709999084472656,31.350000381469727,31.503000259399414,31.364852905273438,283069000
"2021-11-29",32.36600112915039,33.4119987487793,32.0359992980957,33.375999450683594,33.229637145996094,454964000
"2021-11-30",33.16899871826172,33.35300064086914,31.86400032043457,32.67599868774414,32.53270721435547,622066000
"2021-12-01",33.21900177001953,33.28900146484375,31.3799991607666,31.434999465942383,31.300979614257812,484368000
"2021-12-02",31.214000701904297,32.47800064086914,31.024999618530273,32.125999450683594,31.989030838012695,472890000
"2021-12-03",32.0,32.12900161743164,30.1299991607666,30.69300079345703,30.562145233154297,544325000
"2021-12-06",29.8799991607666,30.240999221801758,28.038000106811523,30.03700065612793,29.908937454223633,658938000
"2021-12-07",30.957000732421875,32.44900131225586,30.650999069213867,32.426998138427734,32.288753509521484,593053000
"2021-12-08",31.999000549316406,32.290000915527344,31.42099952697754,31.826000213623047,31.69031524658203,475551000
"2021-12-09",31.733999252319336,32.20500183105469,30.42799949645996,30.489999771118164,30.36000633239746,488507000
"2021-12-10",31.149999618530273,31.30500030517578,29.861000061035156,30.197999954223633,30.069257736206055,488825000
"2021-12-13",30.249000549316406,30.29400062561035,28.115999221801758,28.160999298095703,28.04094123840332,598344000
"2021-12-14",27.698999404907227,28.67799949645996,27.25,28.336999893188477,28.216182708740234,667035000
"2021-12-15",28.399999618530273,30.5,27.83799934387207,30.458999633789062,30.32914161682129,698297000
"2021-12-16",31.152000427246094,31.15999984741211,28.093000411987305,28.386999130249023,28.265975952148438,707366000
"2021-12-17",27.985000610351562,28.922000885009766,27.760000228881836,27.801000595092773,27.682470321655273,713758000
"2021-12-20",27.30500030517578,28.143999099731445,27.145000457763672,27.7189998626709,27.60082244873047,461847000
"2021-12-21",28.374000549316406,29.1200008392334,27.400999069213867,29.075000762939453,28.95104217529297,524385000
"2021-12-22",28.891000747680664,29.55500030517578,28.448999404907227,29.399999618530273,29.2746524810791,395184000
"2021-12-23",29.7549991607666,30.05900001525879,29.430999755859375,29.639999389648438,29.513629913330078,343022000
"2021-12-27",29.65999984741211,31.086999893188477,29.639999389648438,30.94499969482422,30.813068389892578,403686000
"2021-12-28",31.312000274658203,31.329999923706055,30.011999130249023,30.32200050354004,30.192729949951172,420591000
"2021-12-29",30.273000717163086,30.54800033569336,29.365999221801758,30.000999450683594,29.873088836669922,343139000
"2021-12-30",29.82699966430664,30.457000732421875,29.540000915527344,29.586000442504883,29.459863662719727,308864000
"2021-12-31",29.673999786376953,30.030000686645508,29.33099937438965,29.410999298095703,29.285612106323242,266530000
"2022-01-03",29.815000534057617,30.711000442504883,29.78499984741211,30.121000289916992,29.992578506469727,391547000
"2022-01-04",30.277000427246094,30.468000411987305,28.349000930786133,29.290000915527344,29.165124893188477,527154000
"2022-01-05",28.948999404907227,29.416000366210938,27.533000946044922,27.604000091552734,27.486316680908203,498064000
"2022-01-06",27.639999389648438,28.437999725341797,27.065000534057617,28.17799949645996,28.05786895751953,454186000
"2022-01-07",28.141000747680664,28.422000885009766,27.05699920654297,27.246999740600586,27.130830764770508,409939000
"2022-01-10",26.58099937438965,27.4689998626709,25.643999099731445,27.399999618530273,27.28318214416504,594681000
"2022-01-11",27.322999954223633,28.065000534057617,26.839000701904297,27.816999435424805,27.698406219482422,404089000
"2022-01-12",28.066999435424805,28.594999313354492,27.607999801635742,27.999000549316406,27.8796329498291,383413000
"2022-01-13",28.378999710083008,28.479999542236328,26.49799919128418,26.575000762939453,26.461700439453125,540171000
"2022-01-14",26.299999237060547,27.19700050354004,26.209999084472656,26.941999435424805,26.82713508605957,395832000
"2022-01-18",26.260000228881836,26.63800048828125,25.770000457763672,25.902999877929688,25.792566299438477,424270000
"2022-01-19",26.07900047302246,26.542999267578125,25.052000045776367,25.066999435424805,24.96013069152832,488315000
"2022-01-20",25.304000854492188,25.57900047302246,24.077999114990234,24.149999618530273,24.047040939331055,435181000
"2022-01-21",23.506999969482422,24.822999954223633,23.26300048828125,23.374000549316406,23.27434730529785,718958000
"2022-01-24",22.329999923706055,23.3799991607666,20.88800048828125,23.371999740600586,23.272356033325195,913982000
"2022-01-25",22.54599952697754,22.94300079345703,22.0,22.323999404907227,22.228822708129883,664616000
"2022-01-26",23.239999771118164,24.05699920654297,22.299999237060547,22.77199935913086,22.674915313720703,755959000
"2022-01-27",23.56800079345703,23.9950008392334,21.674999237060547,21.944000244140625,21.850439071655273,573353000
"2022-01-28",22.011999130249023,22.857999801635742,21.29599952697754,22.84000015258789,22.742624282836914,543774000
"2022-01-31",23.18199920654297,24.509000778198242,23.052000045776367,24.486000061035156,24.381607055664062,564680000
"2022-02-01",25.104000091552734,25.145000457763672,23.889999389648438,24.63800048828125,24.532960891723633,518925000
"2022-02-02",25.79400062561035,25.816999435424805,24.55299949645996,25.242000579833984,25.13438606262207,543419000
"2022-02-03",24.45800018310547,25.07699966430664,23.780000686645508,23.947999954223633,23.845897674560547,410178000
"2022-02-04",23.972000122070312,24.635000228881836,23.631999969482422,24.319000244140625,24.215316772460938,354829000
"2022-02-07",24.371999740600586,25.18199920654297,24.20199966430664,24.72800064086914,24.622577667236328,376868000
"2022-02-08",24.358999252319336,25.229999542236328,23.979999542236328,25.107999801635742,25.000953674316406,410359000
"2022-02-09",25.621999740600586,26.725000381469727,25.35300064086914,26.704999923706055,26.591142654418945,524282000
"2022-02-10",25.9950008392334,26.924999237060547,25.600000381469727,25.823999404907227,25.713903427124023,513200000
"2022-02-11",25.916000366210938,26.152000427246094,23.773000717163086,23.948999404907227,23.846893310546875,605472000
"2022-02-14",23.93400001525879,24.875,23.7549991607666,24.267000198364258,24.163536071777344,440424000
"2022-02-15",24.948999404907227,26.545000076293945,24.784000396728516,26.4950008392334,26.382043838500977,699869000
"2022-02-16",26.259000778198242,26.582000732421875,25.552000045776367,26.51099967956543,26.39797592163086,732676000
"2022-02-17",25.6299991607666,25.78499984741211,24.165000915527344,24.506999969482422,24.40251350402832,810595000
"2022-02-18",24.667999267578125,24.986000061035156,23.100000381469727,23.642000198364258,23.54120635986328,761255000
"2022-02-22",23.03499984741211,24.06399917602539,23.0,23.389999389648438,23.290279388427734,633422000
"2022-02-23",23.802000045776367,24.155000686645508,22.301000595092773,22.386999130249023,22.291555404663086,566511000
"2022-02-24",21.014999389648438,23.799999237060547,20.889999389648438,23.74799919128418,23.646753311157227,735801000
"2022-02-25",23.72100067138672,24.216999053955078,23.381000518798828,24.156999588012695,24.054004669189453,528866000
"2022-02-28",23.992000579833984,24.665000915527344,23.707000732421875,24.385000228881836,24.281038284301758,477319000
"2022-03-01",24.291000366210938,24.37700080871582,23.131999969482422,23.476999282836914,23.376907348632812,412056000
"2022-03-02",23.756000518798828,24.409000396728516,23.415000915527344,24.219999313354492,24.120845794677734,389642000
"2022-03-03",24.261999130249023,24.326000213623047,23.4689998626709,23.714000701904297,23.61692237854004,365095000
"2022-03-04",23.384000778198242,23.68000030517578,22.48200035095215,22.93600082397461,22.84210968017578,431415000
"2022-03-07",22.816999435424805,23.033000946044922,21.329999923706055,21.351999282836914,21.26459503173828,450821000
"2022-03-08",21.30900001525879,22.37299919128418,20.649999618530273,21.513999938964844,21.42593002319336,557467000
"2022-03-09",22.386999130249023,23.219999313354492,22.246999740600586,23.013999938964844,22.919784545898438,492742000
"2022-03-10",22.5310001373291,22.788000106811523,21.881999969482422,22.658000946044922,22.565248489379883,428066000
"2022-03-11",23.02199935913086,23.145000457763672,22.04599952697754,22.100000381469727,22.00952911376953,367209000
"2022-03-14",21.868999481201172,22.261999130249023,21.159000396728516,21.329999923706055,21.2426815032959,385354000
"2022-03-15",21.51799964904785,23.038000106811523,21.32200050354004,22.972999572753906,22.878957748413086,491996000
"2022-03-16",23.5,24.597000122070312,23.172000885009766,24.496000289916992,24.395723342895508,671422000
"2022-03-17",24.1200008392334,24.841999053955078,23.9060001373291,24.766000747680664,24.66461753845215,471941000
"2022-03-18",24.798999786376953,26.569000244140625,24.624000549316406,26.452999114990234,26.34470558166504,730719000
"2022-03-21",26.506999969482422,27.152000427246094,25.966999053955078,26.733999252319336,26.624557495117188,591727000
"2022-03-22",26.726999282836914,27.238000869750977,26.07200050354004,26.52400016784668,26.415416717529297,547007000
"2022-03-23",26.125999450683594,26.61199951171875,25.575000762939453,25.634000778198242,25.529064178466797,502120000
"2022-03-24",26.166000366210938,28.31999969482422,25.906999588012695,28.149999618530273,28.034761428833008,877379000
"2022-03-25",27.88599967956543,28.357999801635742,27.270999908447266,27.691999435424805,27.578638076782227,579016000
"2022-03-28",27.756000518798828,28.25,27.20599937438965,28.2189998626709,28.10347557067871,425494000
"2022-03-29",28.69499969482422,28.945999145507812,27.979999542236328,28.6560001373291,28.538686752319336,488984000
"2022-03-30",28.304000854492188,28.496000289916992,27.503000259399414,27.690000534057617,27.576642990112305,463487000
"2022-03-31",27.781999588012695,28.24799919128418,27.270000457763672,27.285999298095703,27.17429542541504,523440000
"2022-04-01",27.375,27.496000289916992,26.267000198364258,26.711999893188477,26.60264778137207,517235000
"2022-04-04",26.72800064086914,27.558000564575195,26.613000869750977,27.360000610351562,27.24799156188965,397120000
"2022-04-05",27.253999710083008,27.319000244140625,25.81999969482422,25.930999755859375,25.824844360351562,436615000
"2022-04-06",24.93400001525879,25.299999237060547,24.003000259399414,24.406999588012695,24.307086944580078,703833000
"2022-04-07",24.44099998474121,24.722000122070312,23.47800064086914,24.20800018310547,24.108901977539062,557992000
"2022-04-08",23.91699981689453,23.92300033569336,23.062000274658203,23.118999481201172,23.02435874938965,524781000
"2022-04-11",22.214000701904297,22.31999969482422,21.65999984741211,21.91699981689453,21.8272762298584,575207000
"2022-04-12",22.53700065612793,22.725000381469727,21.281999588012695,21.503999710083008,21.415966033935547,662258000
"2022-04-13",21.72800064086914,22.5,21.454999923706055,22.202999114990234,22.112106323242188,516943000
"2022-04-14",22.5049991607666,22.777000427246094,21.163000106811523,21.257999420166016,21.17097282409668,569097000
"2022-04-18",21.200000762939453,22.08799934387207,21.07900047302246,21.783000946044922,21.69382667541504,525701000
"2022-04-19",21.719999313354492,22.37299919128418,21.31399917602539,22.197999954223633,22.107128143310547,512781000
"2022-04-20",22.517000198364258,22.670000076293945,21.200000762939453,21.48200035095215,21.394052505493164,468974000
"2022-04-21",21.708999633789062,22.392000198364258,20.0,20.183000564575195,20.100379943847656,656209000
"2022-04-22",20.30299949645996,20.486000061035156,19.5,19.514999389648438,19.435110092163086,624713000
"2022-04-25",19.20199966430664,19.94499969482422,19.09600067138672,19.902000427246094,19.820528030395508,641566000
"2022-04-26",19.718000411987305,19.788000106811523,18.670000076293945,18.788000106811523,18.711088180541992,653143000
"2022-04-27",18.597999572753906,19.16699981689453,18.290000915527344,18.415000915527344,18.339614868164062,499460000
"2022-04-28",18.966999053955078,20.03700065612793,18.489999771118164,19.781999588012695,19.701019287109375,570327000
"2022-04-29",19.402000427246094,20.128000259399414,18.517000198364258,18.547000885009766,18.4710750579834,500435000
"2022-05-02",18.541000366210938,19.573999404907227,18.391000747680664,19.533000946044922,19.453039169311523,572049000
"2022-05-03",19.399999618530273,19.825000762939453,19.132999420166016,19.601999282836914,19.521757125854492,475751000
"2022-05-04",19.92300033569336,20.399999618530273,18.750999450683594,20.333999633789062,20.25075340270996,648855000
"2022-05-05",19.867000579833984,19.924999237060547,18.5,18.8439998626709,18.76685905456543,626331000
"2022-05-06",18.736000061035156,19.511999130249023,17.989999771118164,18.674999237060547,18.598548889160156,633297000
"2022-05-09",18.034000396728516,18.2549991607666,16.82699966430664,16.950000762939453,16.880611419677734,644455000
"2022-05-10",17.68899917602539,18.197999954223633,17.024999618530273,17.594999313354492,17.52297019958496,761474000
"2022-05-11",17.347000122070312,17.753000259399414,16.56800079345703,16.6299991607666,16.561922073364258,670167000
"2022-05-12",16.2189998626709,16.788000106811523,15.567000389099121,16.174999237060547,16.108783721923828,708728000
"2022-05-13",16.788000106811523,17.92799949645996,16.593000411987305,17.70599937438965,17.63351821899414,670437000
"2022-05-16",17.509000778198242,17.788000106811523,17.106000900268555,17.263999938964844,17.193328857421875,521446000
"2022-05-17",18.073999404907227,18.371000289916992,17.634000778198242,18.177000045776367,18.10258674621582,585830000
"2022-05-18",17.704999923706055,18.118000030517578,16.86400032043457,16.937999725341797,16.86865997314453,545161000
"2022-05-19",16.937000274658203,17.687000274658203,16.733999252319336,17.124000549316406,17.05390167236328,621310000
"2022-05-20",17.332000732421875,17.40999984741211,15.755000114440918,16.694000244140625,16.625659942626953,739105000
"2022-05-23",16.27400016784668,16.915000915527344,16.179000854492188,16.898000717163086,16.828824996948242,639889000
"2022-05-24",16.510000228881836,16.597000122070312,15.779999732971191,16.15399932861328,16.08786964416504,588550000
"2022-05-25",16.020000457763672,17.111000061035156,16.0,16.975000381469727,16.905506134033203,781132000
"2022-05-26",16.035999298095703,18.091999053955078,16.02199935913086,17.85099983215332,17.777923583984375,996575000
"2022-05-27",18.18600082397461,18.881000518798828,18.100000381469727,18.81100082397461,18.733993530273438,738379000
"2022-05-31",18.979999542236328,19.200000762939453,18.350000381469727,18.672000885009766,18.595561981201172,664100000
"2022-06-01",18.724000930786133,19.05299949645996,18.121999740600586,18.31999969482422,18.24500274658203,544514000
"2022-06-02",18.29199981689453,19.618999481201172,18.197999954223633,19.591999053955078,19.511791229248047,648656000
"2022-06-03",19.082000732421875,19.332000732421875,18.52199935913086,18.719999313354492,18.64336585998535,598779000
"2022-06-06",19.138999938964844,19.336999893188477,18.56399917602539,18.785999298095703,18.709096908569336,422406000
"2022-06-07",18.472000122070312,19.0,18.187999725341797,18.926000595092773,18.848526000976562,388914000
"2022-06-08",18.798999786376953,19.18000030517578,18.53499984741211,18.648000717163086,18.575586318969727,363252000
"2022-06-09",18.481000900268555,18.933000564575195,18.041000366210938,18.04800033569336,17.97791862487793,395574000
"2022-06-10",17.600000381469727,17.69700050354004,16.868999481201172,16.974000930786133,16.90808868408203,465248000
"2022-06-13",16.0,16.312000274658203,15.605999946594238,15.647000312805176,15.586241722106934,604153000
"2022-06-14",15.730999946594238,16.06599998474121,15.411999702453613,15.836000442504883,15.774506568908691,469680000
"2022-06-15",16.094999313354492,16.868000030517578,15.925999641418457,16.527000427246094,16.462825775146484,563936000
"2022-06-16",15.859999656677246,15.942000389099121,15.401000022888184,15.60099983215332,15.540419578552246,545749000
"2022-06-17",15.64799976348877,15.994999885559082,15.32800006866455,15.880000114440918,15.818334579467773,630334000
"2022-06-21",16.475000381469727,17.007999420166016,16.406999588012695,16.56599998474121,16.501672744750977,483089000
"2022-06-22",16.22599983215332,16.66200065612793,16.18000030517578,16.360000610351562,16.296476364135742,437135000
"2022-06-23",16.518999099731445,16.584999084472656,15.852999687194824,16.225000381469727,16.161996841430664,463680000
"2022-06-24",16.5,17.139999389648438,16.309999465942383,17.125999450683594,17.059497833251953,472153000
"2022-06-27",17.312000274658203,17.329999923706055,16.625999450683594,16.868999481201172,16.803495407104492,427968000
"2022-06-28",16.899999618530273,17.20199966430664,15.944999694824219,15.982000350952148,15.919939994812012,461149000
"2022-06-29",15.814000129699707,15.819999694824219,15.170000076293945,15.541999816894531,15.481647491455078,482352000
"2022-06-30",15.361000061035156,15.567000389099121,14.862000465393066,15.159000396728516,15.100137710571289,686070000
"2022-07-01",14.89900016784668,15.062999725341797,14.392000198364258,14.52299976348877,14.466604232788086,577610000
"2022-07-05",14.175000190734863,14.970999717712402,14.055000305175781,14.96399974822998,14.905891418457031,651397000
"2022-07-06",15.010000228881836,15.319000244140625,14.788999557495117,15.130000114440918,15.071247100830078,529066000
"2022-07-07",15.456000328063965,15.944999694824219,15.388999938964844,15.857999801635742,15.796419143676758,492903000
"2022-07-08",15.430000305175781,16.03700065612793,15.388999938964844,15.838000297546387,15.776496887207031,467972000
"2022-07-11",15.526000022888184,15.527000427246094,15.038000106811523,15.152000427246094,15.093160629272461,437321000
"2022-07-12",15.267999649047852,15.430999755859375,14.876999855041504,15.081999778747559,15.023430824279785,458483000
"2022-07-13",14.59000015258789,15.375,14.46500015258789,15.163999557495117,15.105113983154297,521918000
"2022-07-14",15.107999801635742,15.472999572753906,14.727999687194824,15.371999740600586,15.312304496765137,456235000
"2022-07-15",15.659000396728516,15.781999588012695,15.444999694824219,15.76200008392334,15.700793266296387,385935000
"2022-07-18",16.302000045776367,16.89699935913086,16.00200080871582,16.10099983215332,16.038476943969727,670517000
"2022-07-19",16.486000061035156,17.110000610351562,16.172000885009766,16.992000579833984,16.92601776123047,702366000
"2022-07-20",16.94700050354004,17.933000564575195,16.801000595092773,17.80699920654297,17.737850189208984,760538000
"2022-07-21",17.885000228881836,18.143999099731445,17.545000076293945,18.049999237060547,17.97990608215332,557049000
"2022-07-22",17.89299964904785,17.966999053955078,17.136999130249023,17.319000244140625,17.251745223999023,536671000
"2022-07-25",17.018999099731445,17.124000549316406,16.64900016784668,17.02400016784668,16.95789337158203,480748000
"2022-07-26",16.888999938964844,16.91900062561035,16.47800064086914,16.533000946044922,16.468795776367188,397865000
"2022-07-27",17.031999588012695,17.93600082397461,16.913000106811523,17.790000915527344,17.720916748046875,569776000
"2022-07-28",17.975000381469727,18.139999389648438,17.440000534057617,17.983999252319336,17.91416358947754,474646000
"2022-07-29",17.812999725341797,18.243999481201172,17.691999435424805,18.163000106811523,18.092466354370117,435460000
"2022-08-01",18.18199920654297,18.84600067138672,17.989999771118164,18.44099998474121,18.3693904876709,476469000
"2022-08-02",18.121999740600586,18.937999725341797,18.091999053955078,18.525999069213867,18.454055786132812,489527000
"2022-08-03",18.18400001525879,18.968000411987305,18.136999130249023,18.89299964904785,18.819639205932617,418146000
"2022-08-04",18.849000930786133,19.27400016784668,18.760000228881836,19.21500015258789,19.140382766723633,409652000
"2022-08-05",18.809999465942383,19.229000091552734,18.666000366210938,18.98900032043457,18.91526222229004,386068000
"2022-08-08",17.50200080871582,18.23900032043457,17.242000579833984,17.792999267578125,17.723905563354492,981859000
"2022-08-09",17.25200080871582,17.44700050354004,16.724000930786133,17.086000442504883,17.019649505615234,668263000
"2022-08-10",17.697999954223633,18.118000030517578,17.316999435424805,18.097000122070312,18.02672576904297,597422000
"2022-08-11",18.131000518798828,18.707000732421875,17.875999450683594,17.941999435424805,17.872325897216797,509327000
"2022-08-12",18.15999984741211,18.718000411987305,17.952999114990234,18.708999633789062,18.636348724365234,478094000
"2022-08-15",18.701000213623047,19.163999557495117,18.613000869750977,19.031999588012695,18.958093643188477,457666000
"2022-08-16",18.920000076293945,19.142000198364258,18.500999450683594,18.878999710083008,18.805683135986328,451240000
"2022-08-17",18.523000717163086,18.687999725341797,18.145000457763672,18.334999084472656,18.2637996673584,446799000
"2022-08-18",18.301000595092773,18.864999771118164,18.183000564575195,18.773000717163086,18.700098037719727,415447000
"2022-08-19",18.4060001373291,18.520000457763672,17.770000457763672,17.849000930786133,17.779691696166992,441588000
"2022-08-22",17.489999771118164,17.558000564575195,16.965999603271484,17.034000396728516,16.96785545349121,409593000
"2022-08-23",16.98900032043457,17.46500015258789,16.969999313354492,17.180999755859375,17.114280700683594,369986000
"2022-08-24",17.011999130249023,17.4060001373291,16.895000457763672,17.222000122070312,17.155126571655273,522661000
"2022-08-25",16.8439998626709,17.94700050354004,16.83300018310547,17.913000106811523,17.84344482421875,770691000
"2022-08-26",17.85700035095215,17.923999786376953,16.23699951171875,16.260000228881836,16.196857452392578,769127000
"2022-08-29",16.020000457763672,16.33799934387207,15.767000198364258,15.800999641418457,15.739640235900879,496132000
"2022-08-30",15.960000038146973,16.038999557495117,15.182000160217285,15.468000411987305,15.40793514251709,530181000
"2022-08-31",15.383999824523926,15.539999961853027,14.958999633789062,15.093999862670898,15.03538703918457,573710000
"2022-09-01",14.208999633789062,14.380000114440918,13.270000457763672,13.937000274658203,13.882881164550781,1178865000
"2022-09-02",14.100000381469727,14.170999526977539,13.590999603271484,13.647000312805176,13.59400749206543,743157000
"2022-09-06",13.730999946594238,13.779000282287598,13.35099983215332,13.46500015258789,13.412713050842285,535751000
"2022-09-07",13.562999725341797,13.838000297546387,13.345999717712402,13.71399974822998,13.66480541229248,512657000
"2022-09-08",13.458999633789062,14.008000373840332,13.369000434875488,13.989999771118164,13.939814567565918,624873000
"2022-09-09",14.156999588012695,14.473999977111816,14.12600040435791,14.38700008392334,14.3353910446167,486612000
"2022-09-12",14.369000434875488,14.54699993133545,14.197999954223633,14.505000114440918,14.452969551086426,484159000
"2022-09-13",13.802000045776367,13.92199993133545,13.098999977111816,13.130999565124512,13.083894729614258,714956000
"2022-09-14",13.253999710083008,13.289999961853027,12.913000106811523,13.128000259399414,13.080907821655273,588507000
"2022-09-15",13.015000343322754,13.232999801635742,12.789999961853027,12.928999900817871,12.882622718811035,523625000
"2022-09-16",12.741999626159668,13.211999893188477,12.616999626159668,13.197999954223633,13.150656700134277,670751000
"2022-09-19",13.01200008392334,13.463000297546387,13.010000228881836,13.381999969482422,13.33399486541748,569685000
"2022-09-20",13.21500015258789,13.482999801635742,13.057000160217285,13.175999641418457,13.12873649597168,524818000
"2022-09-21",13.213000297546387,14.031000137329102,13.109999656677246,13.26099967956543,13.21342945098877,807679000
"2022-09-22",13.069999694824219,13.14900016784668,12.428000450134277,12.560999870300293,12.515941619873047,759162000
"2022-09-23",12.420000076293945,12.611000061035156,12.256999969482422,12.515999794006348,12.47110366821289,663309000
"2022-09-26",12.491000175476074,12.659000396728516,12.21399974822998,12.227999687194824,12.184136390686035,547343000
"2022-09-27",12.506999969482422,12.736000061035156,12.258000373840332,12.413000106811523,12.368474006652832,553854000
"2022-09-28",12.40999984741211,12.822999954223633,12.354000091552734,12.736000061035156,12.690314292907715,542414000
"2022-09-29",12.447999954223633,12.5,11.946000099182129,12.220000267028809,12.176164627075195,532763000
"2022-09-30",12.086999893188477,12.633000373840332,12.074999809265137,12.138999938964844,12.095454216003418,565638000
"2022-10-03",12.347000122070312,12.678000450134277,12.104999542236328,12.51200008392334,12.467117309570312,547478000
"2022-10-04",12.878999710083008,13.220000267028809,12.878999710083008,13.166999816894531,13.119768142700195,584182000
"2022-10-05",12.91100025177002,13.321000099182129,12.621000289916992,13.208999633789062,13.161617279052734,507131000
"2022-10-06",13.220000267028809,13.656000137329102,13.102999687194824,13.130000114440918,13.082901954650879,644157000
"2022-10-07",12.505000114440918,12.670000076293945,12.022000312805176,12.076000213623047,12.032681465148926,672478000
"2022-10-10",12.036999702453613,12.12399959564209,11.407999992370605,11.670000076293945,11.628137588500977,698699000
"2022-10-11",11.560999870300293,11.845999717712402,11.282999992370605,11.586000442504883,11.544439315795898,667482000
"2022-10-12",11.579000473022461,11.734999656677246,11.345000267028809,11.5,11.458747863769531,492590000
"2022-10-13",10.970999717712402,12.07800006866455,10.812999725341797,11.960000038146973,11.917096138000488,850103000
"2022-10-14",12.057000160217285,12.111000061035156,11.204000473022461,11.22700023651123,11.186728477478027,713432000
"2022-10-17",11.517999649047852,11.947999954223633,11.517000198364258,11.887999534606934,11.845355987548828,580774000
"2022-10-18",12.343999862670898,12.491999626159668,11.618000030517578,11.967000007629395,11.924073219299316,659362000
"2022-10-19",11.878999710083008,12.350000381469727,11.833999633789062,12.050999641418457,12.007768630981445,523131000
"2022-10-20",12.11299991607666,12.769000053405762,12.104999542236328,12.194000244140625,12.15025806427002,652398000
"2022-10-21",12.097999572753906,12.498000144958496,11.88700008392334,12.465999603271484,12.421281814575195,609494000
"2022-10-24",12.508000373840332,12.710000038146973,12.064000129699707,12.598999977111816,12.553805351257324,517457000
"2022-10-25",12.694000244140625,13.300000190734863,12.663999557495117,13.26099967956543,13.21342945098877,505482000
"2022-10-26",12.869000434875488,13.387999534606934,12.708000183105469,12.895999908447266,12.849740982055664,532953000
"2022-10-27",13.630000114440918,13.838000297546387,13.121999740600586,13.175999641418457,13.12873649597168,583113000
"2022-10-28",13.104000091552734,13.850000381469727,13.060999870300293,13.833999633789062,13.78437614440918,521040000
"2022-10-31",13.777999877929688,13.838000297546387,13.29699993133545,13.496999740600586,13.44858455657959,486341000
"2022-11-01",13.810999870300293,13.925000190734863,13.519000053405762,13.543000221252441,13.494421005249023,432817000
"2022-11-02",13.850000381469727,14.210000038146973,13.211000442504883,13.218999862670898,13.17158031463623,672628000
"2022-11-03",13.043000221252441,13.781000137329102,12.956000328063965,13.420999526977539,13.372857093811035,500065000
"2022-11-04",13.986000061035156,14.229000091552734,13.696999549865723,14.156000137329102,14.105219841003418,612576000
"2022-11-07",14.227999687194824,14.411999702453613,13.954000473022461,14.300999641418457,14.249701499938965,410061000
"2022-11-08",14.800999641418457,14.890999794006348,14.215999603271484,14.60200023651123,14.54962158203125,595292000
"2022-11-09",14.161999702453613,14.211000442504883,13.758999824523926,13.776000022888184,13.726583480834961,454414000
"2022-11-10",14.800000190734863,15.77299976348877,14.54699993133545,15.75,15.693501472473145,700819000
"2022-11-11",15.807000160217285,16.388999938964844,15.482000350952148,16.32699966430664,16.268430709838867,655487000
"2022-11-14",16.218000411987305,16.540000915527344,15.92199993133545,16.295000076293945,16.236543655395508,527852000
"2022-11-15",16.722000122070312,16.99799919128418,16.381999969482422,16.666000366210938,16.60621452331543,545876000
"2022-11-16",16.16200065612793,16.36199951171875,15.873000144958496,15.90999984741211,15.852927207946777,649547000
"2022-11-17",15.71500015258789,16.266000747680664,15.53499984741211,15.677000045776367,15.620763778686523,710894000
"2022-11-18",15.965999603271484,16.00200080871582,15.119999885559082,15.409000396728516,15.353724479675293,492072000
"2022-11-21",15.147000312805176,15.47700023651123,15.079999923706055,15.317000389099121,15.262054443359375,404739000
"2022-11-22",15.32800006866455,16.058000564575195,15.121999740600586,16.038000106811523,15.980467796325684,472866000
"2022-11-23",16.097999572753906,16.527000427246094,16.04800033569336,16.518999099731445,16.459745407104492,427241000
"2022-11-25",16.31800079345703,16.48699951171875,16.172000885009766,16.270000457763672,16.21163558959961,167934000
"2022-11-28",16.025999069213867,16.35700035095215,15.725000381469727,15.82699966430664,15.770223617553711,303741000
"2022-11-29",15.82699966430664,15.932000160217285,15.520000457763672,15.638999938964844,15.582900047302246,298384000
"2022-11-30",15.696999549865723,16.93000030517578,15.597000122070312,16.92300033569336,16.866607666015625,565298000
"2022-12-01",16.999000549316406,17.264999389648438,16.635000228881836,17.135000228881836,17.077899932861328,470977000
"2022-12-02",16.659000396728516,16.933000564575195,16.44499969482422,16.875999450683594,16.819765090942383,371389000
"2022-12-05",16.679000854492188,16.9950008392334,16.472000122070312,16.610000610351562,16.554651260375977,352255000
"2022-12-06",16.530000686645508,16.572999954223633,15.819000244140625,15.987000465393066,15.93372917175293,352694000
"2022-12-07",15.772000312805176,16.18600082397461,15.666999816894531,16.1200008392334,16.0662841796875,372388000
"2022-12-08",16.273000717163086,17.179000854492188,15.958999633789062,17.16900062561035,17.111791610717773,515456000
"2022-12-09",17.15999984741211,17.58300018310547,16.975000381469727,17.000999450683594,16.94434928894043,465338000
"2022-12-12",17.03700065612793,17.538000106811523,16.797000885009766,17.53499984741211,17.476572036743164,457328000
"2022-12-13",18.5310001373291,18.790000915527344,17.711000442504883,18.07200050354004,18.01177978515625,656589000
"2022-12-14",17.98699951171875,18.25200080871582,17.420000076293945,17.673999786376953,17.615108489990234,496888000
"2022-12-15",17.145999908447266,17.31999969482422,16.700000762939453,16.95199966430664,16.8955135345459,478542000
"2022-12-16",16.86400032043457,17.041000366210938,16.40999984741211,16.570999145507812,16.515777587890625,478232000
"2022-12-19",16.57200050354004,16.608999252319336,16.145000457763672,16.253999710083008,16.199832916259766,354039000
"2022-12-20",16.06399917602539,16.309999465942383,15.85200023651123,16.084999084472656,16.031394958496094,403260000
"2022-12-21",16.11400032043457,16.62700080871582,16.101999282836914,16.500999450683594,16.446008682250977,325025000
"2022-12-22",16.0939998626709,16.13800048828125,14.881999969482422,15.33899974822998,15.287886619567871,565045000
"2022-12-23",15.196000099182129,15.33899974822998,14.883000373840332,15.206000328063965,15.155330657958984,349326000
"2022-12-27",15.074000358581543,15.100000381469727,14.055999755859375,14.121000289916992,14.073945999145508,464902000
"2022-12-28",13.927000045776367,14.26200008392334,13.883999824523926,14.03600025177002,13.989229202270508,351066000
"2022-12-29",14.402000427246094,14.682999610900879,14.22700023651123,14.602999687194824,14.554338455200195,354923000
"2022-12-30",14.333999633789062,14.628999710083008,14.232999801635742,14.61400032043457,14.565301895141602,310490000
"2023-01-03",14.85099983215332,14.996000289916992,14.095999717712402,14.3149995803833,14.267297744750977,401277000
"2023-01-04",14.567000389099121,14.852999687194824,14.241000175476074,14.74899959564209,14.69985294342041,431324000
"2023-01-05",14.491000175476074,14.564000129699707,14.14799976348877,14.265000343322754,14.217466354370117,389168000
"2023-01-06",14.473999977111816,15.010000228881836,14.034000396728516,14.859000205993652,14.809484481811523,405044000
"2023-01-09",15.284000396728516,16.055999755859375,15.140999794006348,15.628000259399414,15.575922012329102,504231000
"2023-01-10",15.506999969482422,15.961999893188477,15.472000122070312,15.909000396728516,15.855987548828125,384101000
"2023-01-11",15.84000015258789,16.027999877929688,15.562999725341797,16.000999450683594,15.947678565979004,353285000
"2023-01-12",16.100000381469727,16.636999130249023,15.491999626159668,16.51099967956543,16.455978393554688,551409000
"2023-01-13",16.277999877929688,16.922000885009766,16.165000915527344,16.89900016784668,16.84268569946289,447287000
"2023-01-17",16.89900016784668,17.72800064086914,16.89900016784668,17.70199966430664,17.643014907836914,511102000
"2023-01-18",17.66699981689453,17.87299919128418,17.281999588012695,17.37700080871582,17.319095611572266,439624000
"2023-01-19",17.035999298095703,17.19700050354004,16.731000900268555,16.764999389648438,16.709135055541992,452932000
"2023-01-20",17.01099967956543,17.856000900268555,16.825000762939453,17.839000701904297,17.779556274414062,564967000
"2023-01-23",18.06399917602539,19.2450008392334,17.81800079345703,19.19300079345703,19.12904930114746,655163000
"2023-01-24",18.82699966430664,19.4950008392334,18.81999969482422,19.264999389648438,19.200803756713867,496204000
"2023-01-25",18.913000106811523,19.3700008392334,18.579999923706055,19.322999954223633,19.258609771728516,449537000
"2023-01-26",19.701000213623047,20.166000366210938,19.277999877929688,19.802000045776367,19.73601722717285,489535000
"2023-01-27",19.461999893188477,20.628000259399414,19.405000686645508,20.364999771118164,20.29714012145996,542142000
"2023-01-30",19.950000762939453,20.139999389648438,19.149999618530273,19.16200065612793,19.09815216064453,488611000
"2023-01-31",19.170000076293945,19.687000274658203,18.950000762939453,19.53700065612793,19.47189712524414,498017000
"2023-02-01",19.69099998474121,21.191999435424805,19.611000061035156,20.94300079345703,20.873212814331055,660477000
"2023-02-02",21.0,21.948999404907227,20.700000762939453,21.708999633789062,21.63665771484375,564276000
"2023-02-03",21.0,21.7450008392334,20.788999557495117,21.100000381469727,21.029685974121094,429366000
"2023-02-06",20.805999755859375,21.56999969482422,20.785999298095703,21.089000701904297,21.01872444152832,452197000
"2023-02-07",21.381999969482422,22.259000778198242,21.149999618530273,22.17300033569336,22.099111557006836,664150000
"2023-02-08",22.386999130249023,22.878000259399414,22.007999420166016,22.204999923706055,22.13100814819336,559651000
"2023-02-09",22.606000900268555,23.020000457763672,22.1200008392334,22.336999893188477,22.26256561279297,523876000
"2023-02-10",21.690000534057617,22.077999114990234,20.81100082397461,21.264999389648438,21.194137573242188,550737000
"2023-02-13",21.538000106811523,22.04800033569336,20.961999893188477,21.788000106811523,21.715394973754883,474919000
"2023-02-14",21.577999114990234,23.048999786376953,21.365999221801758,22.97100067138672,22.894454956054688,675474000
"2023-02-15",22.548999786376953,22.854999542236328,22.106000900268555,22.763999938964844,22.688142776489258,420575000
"2023-02-16",22.132999420166016,22.549999237060547,21.927000045776367,22.00200080871582,21.92868423461914,412026000
"2023-02-17",21.631000518798828,21.739999771118164,20.975000381469727,21.38800048828125,21.316734313964844,465888000
"2023-02-21",21.0,21.493999481201172,20.618000030517578,20.655000686645508,20.586172103881836,410015000
"2023-02-22",20.707000732421875,21.104000091552734,20.42099952697754,20.753999710083008,20.684844970703125,513184000
"2023-02-23",23.440000534057617,23.88800048828125,23.024999618530273,23.663999557495117,23.585145950317383,1117995000
"2023-02-24",23.225000381469727,23.474000930786133,22.94700050354004,23.285999298095703,23.20840072631836,589716000
"2023-02-27",23.670000076293945,23.8799991607666,23.45400047302246,23.500999450683594,23.422685623168945,452994000
"2023-02-28",23.371999740600586,23.825000762939453,23.20599937438965,23.215999603271484,23.138633728027344,455963000
"2023-03-01",23.191999435424805,23.256000518798828,22.507999420166016,22.697999954223633,22.622365951538086,460026000
"2023-03-02",22.488000869750977,23.3799991607666,22.43199920654297,23.31399917602539,23.236310958862305,389415000
"2023-03-03",23.31999969482422,23.899999618530273,23.1299991607666,23.889999389648438,23.81039047241211,412393000
"2023-03-06",23.891000747680664,24.24799919128418,23.48699951171875,23.554000854492188,23.475515365600586,437429000
"2023-03-07",23.600000381469727,24.125,23.240999221801758,23.288000106811523,23.214340209960938,515154000
"2023-03-08",23.48699951171875,24.200000762939453,23.423999786376953,24.180999755859375,24.104515075683594,513573000
"2023-03-09",24.174999237060547,24.45400047302246,23.382999420166016,23.43600082397461,23.36187171936035,501257000
"2023-03-10",23.409000396728516,23.62700080871582,22.72599983215332,22.96500015258789,22.89236068725586,474866000
"2023-03-13",22.75200080871582,23.29800033569336,22.297000885009766,22.965999603271484,22.89335823059082,421890000
"2023-03-14",23.496000289916992,24.2189998626709,23.459999084472656,24.062999725341797,23.986886978149414,474910000
"2023-03-15",23.76099967956543,24.285999298095703,23.360000610351562,24.22800064086914,24.151365280151367,524486000
"2023-03-16",24.027000427246094,25.58799934387207,23.893999099731445,25.541000366210938,25.4602108001709,583253000
"2023-03-17",25.98200035095215,26.39900016784668,25.667999267578125,25.725000381469727,25.64362907409668,848547000
"2023-03-20",25.614999771118164,26.02400016784668,25.1299991607666,25.899999618530273,25.818078994750977,432747000
"2023-03-21",26.18000030517578,26.392000198364258,25.381000518798828,26.198999404907227,26.116130828857422,547408000
"2023-03-22",26.424999237060547,27.589000701904297,26.23699951171875,26.468000411987305,26.3842830657959,797295000
"2023-03-23",27.114999771118164,27.499000549316406,26.690000534057617,27.19099998474121,27.104997634887695,564889000
"2023-03-24",27.0310001373291,27.16699981689453,26.354999542236328,26.77899932861328,26.694297790527344,454920000
"2023-03-27",26.836999893188477,27.0,26.364999771118164,26.5310001373291,26.447084426879883,361026000
"2023-03-28",26.44700050354004,26.51300048828125,25.850000381469727,26.40999984741211,26.326465606689453,356104000
"2023-03-29",26.825000762939453,27.077999114990234,26.597000122070312,26.983999252319336,26.898649215698242,393694000
"2023-03-30",27.229000091552734,27.499000549316406,27.101999282836914,27.382999420166016,27.296390533447266,364516000
"2023-03-31",27.139999389648438,27.833999633789062,27.104999542236328,27.777000427246094,27.68914031982422,433933000
"2023-04-03",27.509000778198242,28.0,27.336000442504883,27.96500015258789,27.876550674438477,398716000
"2023-04-04",27.965999603271484,28.0,27.30699920654297,27.452999114990234,27.366165161132812,368592000
"2023-04-05",26.82900047302246,26.99799919128418,26.395000457763672,26.881000518798828,26.79598045349121,515015000
"2023-04-06",26.583999633789062,27.079999923706055,26.427000045776367,27.03700065612793,26.951480865478516,397654000
"2023-04-10",26.822999954223633,27.621000289916992,26.66900062561035,27.57900047302246,27.491769790649414,395279000
"2023-04-11",27.724000930786133,27.790000915527344,27.125999450683594,27.16900062561035,27.08306312561035,314378000
"2023-04-12",27.3700008392334,27.468000411987305,26.447999954223633,26.4950008392334,26.41119384765625,446259000
"2023-04-13",26.733999252319336,26.886999130249023,26.32900047302246,26.46299934387207,26.379295349121094,353615000
"2023-04-14",26.503999710083008,26.882999420166016,26.219999313354492,26.757999420166016,26.673362731933594,395660000
"2023-04-17",26.565000534057617,27.006000518798828,26.433000564575195,27.00200080871582,26.91659164428711,321471000
"2023-04-18",27.533000946044922,28.110000610351562,27.35700035095215,27.66699981689453,27.579490661621094,604812000
"2023-04-19",27.361000061035156,28.0,27.23200035095215,27.930999755859375,27.842653274536133,358660000
"2023-04-20",27.67099952697754,28.030000686645508,27.0,27.104000091552734,27.018266677856445,427713000
"2023-04-21",26.95199966430664,27.183000564575195,26.722000122070312,27.118999481201172,27.033222198486328,345103000
"2023-04-24",27.01300048828125,27.365999221801758,26.67099952697754,27.04199981689453,26.956466674804688,339282000
"2023-04-25",27.077999114990234,27.246999740600586,26.225000381469727,26.240999221801758,26.158000946044922,378527000
"2023-04-26",27.00200080871582,27.329999923706055,26.704999923706055,26.95599937438965,26.870731353759766,406337000
"2023-04-27",27.363000869750977,27.4950008392334,26.625,27.22599983215332,27.13988494873047,377161000
"2023-04-28",27.225000381469727,27.757999420166016,27.070999145507812,27.749000549316406,27.661230087280273,292216000
"2023-05-01",27.84000015258789,29.058000564575195,27.780000686645508,28.90999984741211,28.81855583190918,570329000
"2023-05-02",28.68000030517578,28.836000442504883,28.08300018310547,28.209999084472656,28.120771408081055,402730000
"2023-05-03",27.84000015258789,28.367000579833984,27.472000122070312,27.802000045776367,27.714065551757812,383387000
"2023-05-04",27.650999069213867,27.858999252319336,27.239999771118164,27.562000274658203,27.474821090698242,321850000
"2023-05-05",27.826000213623047,28.7549991607666,27.731000900268555,28.68000030517578,28.58928871154785,361494000
"2023-05-08",28.52199935913086,29.219999313354492,28.350000381469727,29.150999069213867,29.058795928955078,344979000
"2023-05-09",28.89900016784668,28.972999572753906,28.450000762939453,28.570999145507812,28.480632781982422,314869000
"2023-05-10",29.0049991607666,29.113000869750977,28.461000442504883,28.885000228881836,28.793638229370117,369350000
"2023-05-11",28.895999908447266,28.950000762939453,28.246000289916992,28.577999114990234,28.487606048583984,322149000
"2023-05-12",28.52899932861328,28.780000686645508,28.04599952697754,28.34000015258789,28.250362396240234,274222000
"2023-05-15",28.507999420166016,28.9689998626709,28.152000427246094,28.952999114990234,28.861419677734375,293926000
"2023-05-16",28.840999603271484,29.8700008392334,28.832000732421875,29.21299934387207,29.1205997467041,449405000
"2023-05-17",29.583999633789062,30.198999404907227,29.43000030517578,30.17799949645996,30.08254623413086,432535000
"2023-05-18",30.40999984741211,31.827999114990234,30.31999969482422,31.67799949645996,31.577804565429688,748725000
"2023-05-19",31.535999298095703,31.579999923706055,30.916000366210938,31.263999938964844,31.16511344909668,473908000
"2023-05-22",30.900999069213867,31.520000457763672,30.68000030517578,31.176000595092773,31.077388763427734,372000000
"2023-05-23",31.0,31.288000106811523,30.631000518798828,30.687999725341797,30.59093475341797,356253000
"2023-05-24",30.209999084472656,30.60700035095215,29.805999755859375,30.538000106811523,30.441408157348633,721419000
"2023-05-25",38.52299880981445,39.47999954223633,36.6349983215332,37.97999954223633,37.85987091064453,1543911000
"2023-05-26",37.88999938964844,39.16999816894531,37.54999923706055,38.94599914550781,38.82280731201172,714397000
"2023-05-30",40.595001220703125,41.9379997253418,39.94900131225586,40.111000061035156,39.984130859375,923401000
"2023-05-31",39.487998962402344,40.29499816894531,37.821998596191406,37.83399963378906,37.714332580566406,1002580000
"2023-06-01",38.48899841308594,40.04999923706055,38.34000015258789,39.77000045776367,39.64420700073242,635873000
"2023-06-02",40.09700012207031,40.5,39.05799865722656,39.32699966430664,39.202613830566406,482731000
"2023-06-05",38.909000396728516,39.564998626708984,38.707000732421875,39.17100143432617,39.04710388183594,396094000
"2023-06-06",38.83000183105469,39.15999984741211,38.14799880981445,38.65399932861328,38.531742095947266,388729000
"2023-06-07",38.915000915527344,39.499000549316406,37.35599899291992,37.474998474121094,37.360328674316406,511998000
"2023-06-08",37.7239990234375,38.86399841308594,37.505001068115234,38.5099983215332,38.39216232299805,417772000
"2023-06-09",39.0369987487793,39.71099853515625,38.56700134277344,38.77000045776367,38.651371002197266,427717000
"2023-06-12",39.20000076293945,39.529998779296875,38.61800003051758,39.481998443603516,39.36117935180664,388701000
"2023-06-13",40.18600082397461,41.10100173950195,39.7400016784668,41.02199935913086,40.896480560302734,613208000
"2023-06-14",40.82400131225586,43.0,40.551998138427734,42.99700164794922,42.86543655395508,740465000
"2023-06-15",42.60200119018555,43.28900146484375,42.14699935913086,42.65299987792969,42.522491455078125,568622000
"2023-06-16",43.45000076293945,43.72100067138672,42.6609992980957,42.69200134277344,42.561370849609375,655709000
"2023-06-20",42.99800109863281,43.9900016784668,42.67399978637695,43.80799865722656,43.67395782470703,451153000
"2023-06-21",43.500999450683594,43.6150016784668,42.08000183105469,43.04499816894531,42.91328811645508,551603000
"2023-06-22",42.25299835205078,43.42599868774414,42.23400115966797,43.025001525878906,42.89335250854492,417737000
"2023-06-23",42.4640007019043,42.808998107910156,42.01499938964844,42.20899963378906,42.07984924316406,358140000
"2023-06-26",42.46099853515625,42.763999938964844,40.099998474121094,40.63199996948242,40.507667541503906,594322000
"2023-06-27",40.79899978637695,41.939998626708984,40.448001861572266,41.875999450683594,41.74786376953125,462175000
"2023-06-28",40.65999984741211,41.845001220703125,40.518001556396484,41.117000579833984,40.99118423461914,582639000
"2023-06-29",41.55799865722656,41.599998474121094,40.599998474121094,40.821998596191406,40.69709396362305,380514000
"2023-06-30",41.68000030517578,42.54999923706055,41.500999450683594,42.301998138427734,42.17256164550781,501148000
"2023-07-03",42.516998291015625,42.89799880981445,42.20199966430664,42.41299819946289,42.28321838378906,198209000
"2023-07-05",42.1349983215332,43.176998138427734,42.084999084472656,42.31700134277344,42.187522888183594,323618000
"2023-07-06",41.84400177001953,42.17900085449219,41.34600067138672,42.10300064086914,41.97417068481445,303582000
"2023-07-07",42.321998596191406,43.2140007019043,42.18000030517578,42.50299835205078,42.37294387817383,355881000
"2023-07-10",42.65700149536133,42.81100082397461,41.64899826049805,42.18000030517578,42.050933837890625,353908000
"2023-07-11",42.48099899291992,42.757999420166016,42.06700134277344,42.404998779296875,42.275245666503906,298244000
"2023-07-12",43.03300094604492,43.935001373291016,42.777000427246094,43.902000427246094,43.76766586303711,481277000
"2023-07-13",44.518001556396484,46.154998779296875,44.492000579833984,45.97700119018555,45.83632278442383,478204000
"2023-07-14",46.58300018310547,48.0880012512207,45.060001373291016,45.46900177001953,45.32986831665039,772075000
"2023-07-17",46.28900146484375,46.49599838256836,45.262001037597656,46.46099853515625,46.31884002685547,510488000
"2023-07-18",46.70100021362305,47.895999908447266,45.73400115966797,47.49399948120117,47.34867858886719,569164000
"2023-07-19",47.4640007019043,47.81800079345703,46.742000579833984,47.07699966430664,46.932945251464844,427502000
"2023-07-20",46.50699996948242,47.08700180053711,45.0620002746582,45.52000045776367,45.380714416503906,537865000
"2023-07-21",45.78799819946289,45.86600112915039,44.099998474121094,44.308998107910156,44.17341613769531,963769000
"2023-07-24",44.73099899291992,45.10900115966797,44.040000915527344,44.61199951171875,44.47549057006836,382516000
"2023-07-25",44.941001892089844,46.18299865722656,44.92300033569336,45.67900085449219,45.53923416137695,348081000
"2023-07-26",46.020999908447266,46.053001403808594,44.630001068115234,45.45199966430664,45.31291961669922,364237000
"2023-07-27",46.51900100708008,47.39500045776367,45.75,45.900001525878906,45.759559631347656,455976000
"2023-07-28",46.667999267578125,47.027000427246094,46.38100051879883,46.75,46.60694885253906,331194000
"2023-07-31",46.75400161743164,47.130001068115234,46.50600051879883,46.729000091552734,46.58601379394531,251055000
"2023-08-01",46.459999084472656,46.900001525878906,46.027000427246094,46.50699996948242,46.36469650268555,237858000
"2023-08-02",45.83100128173828,45.84000015258789,43.387001037597656,44.26900100708008,44.133548736572266,530142000
"2023-08-03",43.79999923706055,45.11800003051758,43.79999923706055,44.51499938964844,44.378787994384766,324176000
"2023-08-04",44.98500061035156,45.641998291015625,44.393001556396484,44.68000030517578,44.54328918457031,362666000
"2023-08-07",45.111000061035156,45.540000915527344,44.5629997253418,45.41699981689453,45.27803421020508,322154000
"2023-08-08",44.85300064086914,45.242000579833984,44.055999755859375,44.66400146484375,44.52733612060547,353843000
"2023-08-09",44.27399826049805,44.3120002746582,42.13399887084961,42.55400085449219,42.423797607421875,586449000
"2023-08-10",42.15999984741211,43.57400131225586,41.834999084472656,42.38800048828125,42.258296966552734,492705000
"2023-08-11",41.750999450683594,42.018001556396484,40.638999938964844,40.85499954223633,40.72998809814453,533085000
"2023-08-14",40.486000061035156,43.79999923706055,40.31100082397461,43.75299835205078,43.61911392211914,690286000
"2023-08-15",44.560001373291016,45.268001556396484,43.709999084472656,43.939998626708984,43.80554962158203,676512000
"2023-08-16",44.52000045776367,44.67499923706055,43.40599822998047,43.486000061035156,43.35293960571289,527451000
"2023-08-17",43.970001220703125,44.0620002746582,43.000999450683594,43.34400177001953,43.21137237548828,452395000
"2023-08-18",42.6349983215332,43.577999114990234,41.65999984741211,43.29899978637695,43.16651153564453,583768000
"2023-08-21",44.49399948120117,47.064998626708984,44.22200012207031,46.96699905395508,46.82328414916992,692573000
"2023-08-22",48.1349983215332,48.1870002746582,45.33300018310547,45.667999267578125,45.52825927734375,755293000
"2023-08-23",45.86600112915039,47.20000076293945,45.20800018310547,47.11600112915039,46.97183609008789,779046000
"2023-08-24",50.215999603271484,50.26599884033203,47.159000396728516,47.16299819946289,47.0186882019043,1156044000
"2023-08-25",47.012001037597656,47.80500030517578,45.02399826049805,46.018001556396484,45.877193450927734,925341000
"2023-08-28",46.481998443603516,46.97999954223633,44.88800048828125,46.834999084472656,46.69168472290039,685192000
"2023-08-29",46.66600036621094,49.08100128173828,46.39099884033203,48.784000396728516,48.634727478027344,701397000
"2023-08-30",49.04399871826172,49.926998138427734,48.42499923706055,49.263999938964844,49.11326217651367,735206000
"2023-08-31",49.380001068115234,49.74399948120117,48.95800018310547,49.35499954223633,49.20398712158203,528570000
"2023-09-01",49.762001037597656,49.79999923706055,48.141998291015625,48.50899887084961,48.36056900024414,463830000
"2023-09-05",48.222999572753906,48.85100173950195,47.86000061035156,48.54800033569336,48.39945602416992,382653000
"2023-09-06",48.441001892089844,48.54899978637695,46.58000183105469,47.06100082397461,46.92086410522461,468670000
"2023-09-07",45.525001525878906,46.34400177001953,45.152000427246094,46.24100112915039,46.103309631347656,433330000
"2023-09-08",45.94200134277344,46.60599899291992,45.270999908447266,45.571998596191406,45.43629837036133,473069000
"2023-09-11",46.14799880981445,46.16299819946289,44.3120002746582,45.178001403808594,45.04347229003906,473966000
"2023-09-12",44.737998962402344,45.67300033569336,44.53099822998047,44.869998931884766,44.736385345458984,349256000
"2023-09-13",44.599998474121094,45.93000030517578,44.50299835205078,45.48500061035156,45.34956741333008,398355000
"2023-09-14",45.95000076293945,45.98699951171875,45.13100051879883,45.58100128173828,45.44527053833008,370097000
"2023-09-15",45.340999603271484,45.5989990234375,43.80799865722656,43.900001525878906,43.76927947998047,506831000
"2023-09-18",42.74800109863281,44.242000579833984,42.0,43.965999603271484,43.835079193115234,500271000
"2023-09-19",43.83300018310547,43.965999603271484,43.00199890136719,43.52000045776367,43.390411376953125,373064000
"2023-09-20",43.599998474121094,43.90299987792969,42.222999572753906,42.23899841308594,42.113224029541016,367108000
"2023-09-21",41.58300018310547,42.099998474121094,40.97999954223633,41.016998291015625,40.894866943359375,450736000
"2023-09-22",41.571998596191406,42.1150016784668,41.23099899291992,41.61000061035156,41.4860954284668,479236000
"2023-09-25",41.590999603271484,42.5359992980957,41.176998138427734,42.22200012207031,42.096282958984375,419091000
"2023-09-26",42.000999450683594,42.81999969482422,41.654998779296875,41.9109992980957,41.786197662353516,402282000
"2023-09-27",42.33000183105469,42.87200164794922,41.62900161743164,42.46799850463867,42.34153747558594,444935000
"2023-09-28",42.459999084472656,43.44599914550781,42.1150016784668,43.0890007019043,42.960693359375,424663000
"2023-09-29",43.82699966430664,44.14400100708008,43.30699920654297,43.499000549316406,43.369468688964844,397830000
"2023-10-02",44.029998779296875,45.17499923706055,43.861000061035156,44.78200149536133,44.64864730834961,433298000
"2023-10-03",44.80799865722656,45.130001068115234,43.24599838256836,43.516998291015625,43.38741683959961,470850000
"2023-10-04",43.742000579833984,44.143001556396484,43.29199981689453,44.04100036621094,43.909854888916016,361821000
"2023-10-05",44.04999923706055,44.900001525878906,43.88800048828125,44.6879997253418,44.554927825927734,393483000
"2023-10-06",44.19300079345703,45.78900146484375,44.0260009765625,45.762001037597656,45.625736236572266,434436000
"2023-10-09",44.84199905395508,45.60499954223633,44.36800003051758,45.27299880981445,45.13819122314453,409675000
"2023-10-10",45.310001373291016,46.25899887084961,45.0880012512207,45.79800033569336,45.6616325378418,368582000
"2023-10-11",46.19599914550781,46.85900115966797,46.04999923706055,46.805999755859375,46.6666259765625,378137000
"2023-10-12",46.777000427246094,47.60900115966797,46.33000183105469,46.94499969482422,46.80521011352539,481325000
"2023-10-13",46.959999084472656,47.11600112915039,45.279998779296875,45.46099853515625,45.32563018798828,474115000
"2023-10-16",45.0629997253418,46.224998474121094,44.9119987487793,46.095001220703125,45.95774841308594,375099000
"2023-10-17",44.0,44.75400161743164,42.47999954223633,43.9379997253418,43.80717086791992,812333000
"2023-10-18",42.590999603271484,43.21900177001953,41.82500076293945,42.19599914550781,42.07035446166992,627294000
"2023-10-19",42.81100082397461,43.297000885009766,41.88199996948242,42.10100173950195,41.97563934326172,501233000
"2023-10-20",41.88999938964844,42.470001220703125,41.077999114990234,41.387001037597656,41.26375961303711,477266000
"2023-10-23",41.229000091552734,43.24800109863281,40.94499969482422,42.974998474121094,42.84703826904297,478530000
"2023-10-24",43.07699966430664,43.696998596191406,42.691001892089844,43.66299819946289,43.532981872558594,401463000
"2023-10-25",43.39799880981445,43.650001525878906,41.55500030517578,41.77899932861328,41.65459060668945,398379000
"2023-10-26",41.85300064086914,42.25600051879883,39.880001068115234,40.32600021362305,40.2059211730957,541001000
"2023-10-27",41.130001068115234,41.20600128173828,40.01499938964844,40.5,40.379398345947266,416784000
"2023-10-30",41.08700180053711,41.76599884033203,40.48099899291992,41.1609992980957,41.03843688964844,388028000
"2023-10-31",40.45000076293945,40.87900161743164,39.22999954223633,40.779998779296875,40.6585693359375,517969000
"2023-11-01",40.88399887084961,42.38100051879883,40.86899948120117,42.32500076293945,42.198970794677734,437593000
"2023-11-02",43.327999114990234,43.88399887084961,42.89400100708008,43.50600051879883,43.37644958496094,409172000
"2023-11-03",44.02000045776367,45.308998107910156,43.722999572753906,45.005001068115234,44.87098693847656,424610000
"2023-11-06",45.28499984741211,45.935001373291016,44.89899826049805,45.750999450683594,45.61476516723633,400733000
"2023-11-07",45.71900177001953,46.21799850463867,45.15800094604492,45.95500183105469,45.81816101074219,343165000
"2023-11-08",46.099998474121094,46.867000579833984,45.96799850463867,46.57400131225586,46.4353141784668,346719000
"2023-11-09",47.46699905395508,48.22999954223633,46.75,46.95000076293945,46.81019592285156,540496000
"2023-11-10",47.5,48.47200012207031,47.28300094604492,48.334999084472656,48.191070556640625,421245000
"2023-11-13",48.31999969482422,49.11600112915039,48.0989990234375,48.619998931884766,48.47521209716797,384136000
"2023-11-14",49.68000030517578,49.83399963378906,49.040000915527344,49.65599822998047,49.50813674926758,416954000
"2023-11-15",49.935001373291016,49.959999084472656,48.20000076293945,48.88800048828125,48.7424201965332,475497000
"2023-11-16",48.67900085449219,49.525001525878906,48.33000183105469,49.47999954223633,49.33266830444336,339756000
"2023-11-17",49.52399826049805,49.71699905395508,49.00699996948242,49.29800033569336,49.15121078491211,325205000
"2023-11-20",49.3120002746582,50.54800033569336,49.180999755859375,50.409000396728516,50.25889587402344,414120000
"2023-11-21",50.125999450683594,50.516998291015625,49.22200012207031,49.944000244140625,49.7952766418457,565747000
"2023-11-22",49.85200119018555,50.334999084472656,47.689998626708984,48.715999603271484,48.57093811035156,899420000
"2023-11-24",48.470001220703125,48.92100143432617,47.744998931884766,47.7760009765625,47.633731842041016,294645000
"2023-11-27",47.79999923706055,48.529998779296875,47.652000427246094,48.242000579833984,48.098350524902344,395662000
"2023-11-28",48.236000061035156,48.323001861572266,47.472999572753906,47.82099914550781,47.67859649658203,401491000
"2023-11-29",48.37900161743164,48.762001037597656,47.86000061035156,48.13999938964844,47.99665832519531,382005000
"2023-11-30",48.02399826049805,48.11000061035156,46.422000885009766,46.77000045776367,46.630733489990234,526247000
"2023-12-01",46.525001525878906,47.20000076293945,46.1870002746582,46.76499938964844,46.62574768066406,369317000
"2023-12-04",46.07699966430664,46.07699966430664,45.0099983215332,45.5099983215332,45.37447738647461,437543000
"2023-12-05",45.465999603271484,46.599998474121094,45.270999908447266,46.566001892089844,46.431419372558594,371718000
"2023-12-06",47.21500015258789,47.387001037597656,45.4119987487793,45.50299835205078,45.37148666381836,380590000
"2023-12-07",45.70000076293945,46.62900161743164,45.604000091552734,46.59600067138672,46.461341857910156,350823000
"2023-12-08",46.595001220703125,47.74100112915039,46.54999923706055,47.50600051879883,47.36870574951172,359224000
"2023-12-11",47.49100112915039,47.53099822998047,45.83000183105469,46.62699890136719,46.49224090576172,509728000
"2023-12-12",46.04600143432617,47.66600036621094,46.04600143432617,47.65700149536133,47.51926803588867,372387000
"2023-12-13",47.62900161743164,48.59400177001953,47.608001708984375,48.0880012512207,47.94902801513672,447792000
"2023-12-14",48.38999938964844,48.66999816894531,47.422000885009766,48.349998474121094,48.21025848388672,391232000
"2023-12-15",48.194000244140625,49.40399932861328,48.119998931884766,48.88999938964844,48.74869918823242,479948000
"2023-12-18",49.400001525878906,50.43299865722656,49.150001525878906,50.07699966430664,49.932273864746094,412587000
"2023-12-19",49.42399978637695,49.70000076293945,48.89500045776367,49.604000091552734,49.460636138916016,464444000
"2023-12-20",49.654998779296875,49.999000549316406,48.097999572753906,48.111000061035156,47.97195053100586,397894000
"2023-12-21",48.81100082397461,49.095001220703125,48.41899871826172,48.9900016784668,48.84841537475586,300425000
"2023-12-22",49.19499969482422,49.382999420166016,48.46699905395508,48.83000183105469,48.688880920410156,252507000
"2023-12-26",48.96799850463867,49.599998474121094,48.959999084472656,49.27899932861328,49.13658142089844,244200000
"2023-12-27",49.51100158691406,49.68000030517578,49.084999084472656,49.41699981689453,49.27418518066406,233648000
"2023-12-28",49.643001556396484,49.88399887084961,49.4119987487793,49.52199935913086,49.378875732421875,246587000
"2023-12-29",49.8129997253418,49.99700164794922,48.750999450683594,49.52199935913086,49.378875732421875,389293000
"2024-01-02",49.24399948120117,49.29499816894531,47.595001220703125,48.167999267578125,48.02878952026367,411254000
"2024-01-03",47.48500061035156,48.183998107910156,47.31999969482422,47.569000244140625,47.431522369384766,320896000
"2024-01-04",47.766998291015625,48.5,47.507999420166016,47.99800109863281,47.859283447265625,306535000
"2024-01-05",48.46200180053711,49.547000885009766,48.305999755859375,49.09700012207031,48.955108642578125,415039000
"2024-01-08",49.512001037597656,52.275001525878906,49.479000091552734,52.25299835205078,52.101985931396484,642510000
"2024-01-09",52.4010009765625,54.32500076293945,51.689998626708984,53.13999938964844,52.98642349243164,773100000
"2024-01-10",53.61600112915039,54.599998474121094,53.48899841308594,54.349998474121094,54.192928314208984,533796000
"2024-01-11",54.999000549316406,55.34600067138672,53.560001373291016,54.821998596191406,54.66355514526367,596759000
"2024-01-12",54.619998931884766,54.970001220703125,54.33000183105469,54.709999084472656,54.5518798828125,352994000
"2024-01-16",55.018001556396484,56.834999084472656,54.900001525878906,56.38199996948242,56.21904754638672,449580000
"2024-01-17",56.34700012207031,56.47100067138672,54.7400016784668,56.053001403808594,55.89100646972656,474394000
"2024-01-18",57.2599983215332,57.599998474121094,56.106998443603516,57.106998443603516,56.94195556640625,491650000
"2024-01-19",57.98899841308594,59.5,57.224998474121094,59.49100112915039,59.31906509399414,543501000
"2024-01-22",60.04899978637695,60.33100128173828,59.06999969482422,59.65399932861328,59.48160171508789,452955000
"2024-01-23",59.56999969482422,59.90999984741211,58.584999084472656,59.87300109863281,59.6999626159668,294654000
"2024-01-24",60.30400085449219,62.8489990234375,59.9379997253418,61.36199951171875,61.184661865234375,560271000
"2024-01-25",62.349998474121094,62.71900177001953,60.849998474121094,61.617000579833984,61.438926696777344,482777000
"2024-01-26",60.959999084472656,61.78300094604492,60.573001861572266,61.03099822998047,60.8546142578125,390309000
"2024-01-29",61.231998443603516,62.48899841308594,60.90700149536133,62.46500015258789,62.28447341918945,348733000
"2024-01-30",62.900001525878906,63.49300003051758,62.2599983215332,62.77399826049805,62.59257507324219,410735000
"2024-01-31",61.439998626708984,62.26900100708008,60.70000076293945,61.527000427246094,61.34918212890625,453795000
"2024-02-01",62.099998474121094,63.191001892089844,61.650001525878906,63.027000427246094,62.8448486328125,369146000
"2024-02-02",63.9739990234375,66.5999984741211,63.689998626708984,66.16000366210938,65.96880340576172,476578000
"2024-02-05",68.2249984741211,69.49700164794922,67.20500183105469,69.33200073242188,69.13164520263672,680078000
"2024-02-06",69.62999725341797,69.75399780273438,66.30000305175781,68.2229995727539,68.02584838867188,683111000
"2024-02-07",68.31900024414062,70.22000122070312,67.5999984741211,70.0989990234375,69.89640808105469,495575000
"2024-02-08",70.0739974975586,70.79399871826172,69.45500183105469,69.64099884033203,69.43972778320312,414422000
"2024-02-09",70.53299713134766,72.18499755859375,70.21199798583984,72.13300323486328,71.92452239990234,436637000
"2024-02-12",72.5999984741211,74.61100006103516,71.25,72.24800109863281,72.03919982910156,613710000
"2024-02-13",70.4000015258789,73.44999694824219,69.62000274658203,72.12799835205078,71.91954803466797,602580000
"2024-02-14",73.2020034790039,74.23600006103516,71.93800354003906,73.9000015258789,73.6864242553711,504917000
"2024-02-15",73.86900329589844,73.9749984741211,72.4000015258789,72.65799713134766,72.44801330566406,420122000
"2024-02-16",74.0999984741211,74.4020004272461,72.5009994506836,72.61299896240234,72.40314483642578,495327000
"2024-02-20",71.9469985961914,71.95600128173828,67.73400115966797,69.4520034790039,69.25128173828125,704833000
"2024-02-21",68.00599670410156,68.88800048828125,66.24800109863281,67.47200012207031,67.27700805664062,673755000
"2024-02-22",75.0250015258789,78.57499694824219,74.22000122070312,78.53800201416016,78.31102752685547,865100000
"2024-02-23",80.79000091552734,82.39399719238281,77.56999969482422,78.81700134277344,78.58922576904297,829388000
"2024-02-26",79.69999694824219,80.64600372314453,78.50499725341797,79.09200286865234,78.8634262084961,503973000
"2024-02-27",79.38099670410156,79.4800033569336,77.16200256347656,78.70099639892578,78.47354888916016,391705000
"2024-02-28",77.62000274658203,78.93299865722656,77.125,77.66300201416016,77.43854522705078,393110000
"2024-02-29",79.09400177001953,79.98999786376953,78.3499984741211,79.11199951171875,78.88335418701172,507289000
"2024-03-01",80.0,82.30000305175781,79.43499755859375,82.27899932861328,82.04120635986328,479135000
"2024-03-04",84.12999725341797,87.69499969482422,83.71900177001953,85.23699951171875,84.99065399169922,615616000
"2024-03-05",85.2699966430664,86.09700012207031,83.41699981689453,85.96399688720703,85.7195816040039,520639000
"2024-03-06",88.02200317382812,89.7239990234375,87.02999877929688,88.69999694824219,88.44779968261719,582520000
"2024-03-07",90.15799713134766,92.76699829101562,89.60199737548828,92.66899871826172,92.40550994873047,608119000
"2024-03-08",95.13800048828125,97.4000015258789,86.50599670410156,87.52799987792969,87.27913665771484,1142269000
"2024-03-11",86.42900085449219,88.7969970703125,84.16600036621094,85.77400207519531,85.53012084960938,678364000
"2024-03-12",88.04900360107422,91.95999908447266,86.1500015258789,91.91300201416016,91.65167236328125,668075000
"2024-03-13",91.05500030517578,91.50399780273438,88.43499755859375,90.88800048828125,90.62957763671875,635713000
"2024-03-14",89.5770034790039,90.64600372314453,86.5999984741211,87.94400024414062,87.69395446777344,602318000
"2024-03-15",86.93000030517578,89.5459976196289,86.25700378417969,87.83699798583984,87.58726501464844,642086000
"2024-03-18",90.38800048828125,92.40499877929688,87.08499908447266,88.45500183105469,88.20349884033203,668976000
"2024-03-19",86.69999694824219,90.54399871826172,85.01000213623047,89.39800262451172,89.14381408691406,672171000
"2024-03-20",89.7969970703125,90.41000366210938,88.2229995727539,90.37200164794922,90.11505889892578,479063000
"2024-03-21",92.30000305175781,92.64800262451172,90.40499877929688,91.43499755859375,91.1750259399414,480372000
"2024-03-22",91.14099884033203,94.77799987792969,90.83399963378906,94.28900146484375,94.02091979980469,586719000
"2024-03-25",93.94100189208984,96.76599884033203,93.51000213623047,95.00199890136719,94.73187255859375,552136000
"2024-03-26",95.85099792480469,96.375,92.50199890136719,92.56099700927734,92.29782104492188,513648000
"2024-03-27",93.11199951171875,93.23999786376953,89.12300109863281,90.25,89.9933853149414,586067000
"2024-03-28",90.0,91.30000305175781,89.19300079345703,90.35600280761719,90.09909057617188,435212000
"2024-04-01",90.29900360107422,92.2249984741211,89.2040023803711,90.36299896240234,90.10607147216797,452441000
"2024-04-02",88.447998046875,90.09400177001953,87.62000274658203,89.4520034790039,89.19766235351562,433064000
"2024-04-03",88.48400115966797,90.3740005493164,88.4000015258789,88.96399688720703,88.71105194091797,370067000
"2024-04-04",90.40599822998047,90.63400268554688,85.87999725341797,85.90499877929688,85.66073608398438,434965000
"2024-04-05",86.86599731445312,88.48100280761719,85.9260025024414,88.00800323486328,87.75777435302734,399678000
"2024-04-08",88.69999694824219,88.83000183105469,86.73200225830078,87.13300323486328,86.88526153564453,283220000
"2024-04-09",87.44200134277344,87.63500213623047,83.02200317382812,85.35399627685547,85.1113052368164,501700000
"2024-04-10",83.9260025024414,87.4000015258789,83.70899963378906,87.03900146484375,86.79153442382812,431929000
"2024-04-11",87.41999816894531,90.73899841308594,86.9260025024414,90.61599731445312,90.35835266113281,431637000
"2024-04-12",89.6989974975586,90.17500305175781,87.52999877929688,88.18599700927734,87.93526458740234,426805000
"2024-04-15",89.0979995727539,90.61299896240234,85.92900085449219,86.0009994506836,85.7564697265625,443077000
"2024-04-16",86.43299865722656,88.11799621582031,86.06400299072266,87.41500091552734,87.16645812988281,370453000
"2024-04-17",88.33999633789062,88.7750015258789,83.94999694824219,84.03500366210938,83.79606628417969,495400000
"2024-04-18",84.97000122070312,86.19000244140625,82.4020004272461,84.6709976196289,84.43024444580078,447260000
"2024-04-19",83.1500015258789,84.3239974975586,75.60600280761719,76.19999694824219,75.98335266113281,875198000
"2024-04-22",78.10399627685547,80.072998046875,76.4000015258789,79.51799774169922,79.29190063476562,596341000
"2024-04-23",80.76899719238281,82.76899719238281,80.26399993896484,82.4229965209961,82.18865203857422,438559000
"2024-04-24",83.94999694824219,84.08200073242188,79.18299865722656,79.677001953125,79.45044708251953,512208000
"2024-04-25",78.86799621582031,83.322998046875,78.2229995727539,82.63200378417969,82.39705657958984,424641000
"2024-04-26",83.81800079345703,88.33100128173828,83.38700103759766,87.73500061035156,87.48554992675781,551011000
"2024-04-29",87.59500122070312,87.99199676513672,85.26599884033203,87.75700378417969,87.50747680664062,388971000
"2024-04-30",87.23999786376953,88.81900024414062,86.30000305175781,86.4020004272461,86.15634155273438,363709000
"2024-05-01",85.0770034790039,86.0,81.25499725341797,83.04100036621094,82.80489349365234,559863000
"2024-05-02",84.4489974975586,86.23699951171875,83.19999694824219,85.81700134277344,85.57300567626953,377898000
"2024-05-03",87.78900146484375,89.28099822998047,87.04000091552734,88.78900146484375,88.53655242919922,398341000
"2024-05-06",89.38999938964844,92.22000122070312,89.05500030517578,92.13999938964844,91.87801361083984,376203000
"2024-05-07",91.0979995727539,91.78099822998047,89.01100158691406,90.55400085449219,90.29652404785156,437342000
"2024-05-08",89.48300170898438,91.19400024414062,89.41999816894531,90.41200256347656,90.15494537353516,325721000
"2024-05-09",90.52899932861328,91.0719985961914,88.23100280761719,88.74700164794922,88.49466705322266,378013000
"2024-05-10",90.30500030517578,91.4010009765625,89.22699737548828,89.87799835205078,89.62245178222656,335325000
"2024-05-13",90.47799682617188,90.99800109863281,88.52899932861328,90.39900207519531,90.14197540283203,289680000
"2024-05-14",89.5989990234375,91.6510009765625,88.93399810791016,91.35600280761719,91.09625244140625,296507000
"2024-05-15",92.47200012207031,94.86199951171875,91.5989990234375,94.62999725341797,94.3609390258789,417735000
"2024-05-16",94.91000366210938,95.81900024414062,94.10299682617188,94.35900115966797,94.09070587158203,323952000
"2024-05-17",94.36900329589844,94.73999786376953,91.80599975585938,92.47899627685547,92.21604919433594,359691000
"2024-05-20",93.75,95.19999694824219,93.44000244140625,94.77999877929688,94.5105209350586,318764000
"2024-05-21",93.5989990234375,95.4000015258789,93.18000030517578,95.38600158691406,95.11479187011719,328946000
"2024-05-22",95.45899963378906,96.0199966430664,93.2490005493164,94.94999694824219,94.6800308227539,548648000
"2024-05-23",102.02799987792969,106.31999969482422,101.5199966430664,103.79900360107422,103.50389099121094,835065000
"2024-05-24",104.4489974975586,106.4749984741211,103.0,106.46900177001953,106.1662826538086,429494000
"2024-05-28",110.24400329589844,114.93900299072266,109.88300323486328,113.9010009765625,113.57715606689453,652728000
"2024-05-29",113.05000305175781,115.49199676513672,110.9010009765625,114.82499694824219,114.49852752685547,557442000
"2024-05-30",114.6500015258789,115.81900024414062,109.66300201416016,110.5,110.18582153320312,484553000
"2024-05-31",112.5199966430664,112.71700286865234,106.94000244140625,109.63300323486328,109.32128143310547,613263000
"2024-06-03",113.62100219726562,115.0,112.00299835205078,115.0,114.67301940917969,438392000
"2024-06-04",115.71600341796875,116.5999984741211,114.04499816894531,116.43699645996094,116.10591888427734,403324000
"2024-06-05",118.37100219726562,122.4489974975586,117.46800231933594,122.44000244140625,122.09187316894531,528402000
"2024-06-06",124.0479965209961,125.58699798583984,118.31999969482422,120.99800109863281,120.6539535522461,664696000
"2024-06-07",119.7699966430664,121.69200134277344,118.02200317382812,120.88800048828125,120.54428100585938,412386000
"2024-06-10",120.37000274658203,123.0999984741211,117.01000213623047,121.79000091552734,121.44371032714844,313434100
"2024-06-11",121.7699966430664,122.87000274658203,118.73999786376953,120.91000366210938,120.57613372802734,222551200
"2024-06-12",123.05999755859375,126.87999725341797,122.56999969482422,125.19999694824219,124.8542709350586,299595000
"2024-06-13",129.38999938964844,129.8000030517578,127.16000366210938,129.61000061035156,129.25209045410156,260704500
"2024-06-14",129.9600067138672,132.83999633789062,128.32000732421875,131.8800048828125,131.5158233642578,309320400
"2024-06-17",132.99000549316406,133.72999572753906,129.5800018310547,130.97999572753906,130.61834716796875,288504400
"2024-06-18",131.13999938964844,136.3300018310547,130.69000244140625,135.5800018310547,135.20562744140625,294335100
"2024-06-20",139.8000030517578,140.75999450683594,129.52000427246094,130.77999877929688,130.41885375976562,517768400
"2024-06-21",127.12000274658203,130.6300048828125,124.30000305175781,126.56999969482422,126.2204818725586,649445800
"2024-06-24",123.23999786376953,124.45999908447266,118.04000091552734,118.11000061035156,117.78384399414062,476060900
"2024-06-25",121.19999694824219,126.5,119.31999969482422,126.08999633789062,125.74181365966797,414192600
"2024-06-26",126.12999725341797,128.1199951171875,122.5999984741211,126.4000015258789,126.05096435546875,362975900
"2024-06-27",124.0999984741211,126.41000366210938,122.91999816894531,123.98999786376953,123.64761352539062,252571700
"2024-06-28",124.58000183105469,127.70999908447266,122.75,123.54000091552734,123.19886779785156,315516700
"2024-07-01",123.47000122070312,124.83999633789062,118.83000183105469,124.30000305175781,123.95677185058594,284885500
"2024-07-02",121.12999725341797,123.41000366210938,121.02999877929688,122.66999816894531,122.33126068115234,218374000
"2024-07-03",121.66000366210938,128.27999877929688,121.36000061035156,128.27999877929688,127.92577362060547,215749000
"2024-07-05",127.37999725341797,128.85000610351562,125.68000030517578,125.83000183105469,125.48253631591797,214176700
"2024-07-08",127.48999786376953,130.77000427246094,127.04000091552734,128.1999969482422,127.84598541259766,237677300
"2024-07-09",130.35000610351562,133.82000732421875,128.64999389648438,131.3800048828125,131.01719665527344,285366600
"2024-07-10",134.02999877929688,135.10000610351562,132.4199981689453,134.91000366210938,134.5374755859375,248978600
"2024-07-11",135.75,136.14999389648438,127.05000305175781,127.4000015258789,127.0481948852539,374782700
"2024-07-12",128.25999450683594,131.9199981689453,127.22000122070312,129.24000549316406,128.8831329345703,252680500
"2024-07-15",130.55999755859375,131.38999938964844,127.18000030517578,128.44000244140625,128.0853271484375,208326200
"2024-07-16",128.44000244140625,129.0399932861328,124.58000183105469,126.36000061035156,126.01107025146484,214769500
"2024-07-17",121.3499984741211,121.8499984741211,116.72000122070312,117.98999786376953,117.66416931152344,390086200
"2024-07-18",121.8499984741211,122.4000015258789,116.55999755859375,121.08999633789062,120.75560760498047,320979500
"2024-07-19",120.3499984741211,121.5999984741211,117.37000274658203,117.93000030517578,117.6043472290039,217223800
"2024-07-22",120.3499984741211,124.06999969482422,119.86000061035156,123.54000091552734,123.19886779785156,258068900
"2024-07-23",122.77999877929688,124.69000244140625,122.0999984741211,122.58999633789062,122.25148010253906,173911000
"2024-07-24",119.16999816894531,119.94999694824219,113.44000244140625,114.25,113.93450927734375,327776900
"2024-07-25",113.04000091552734,116.62999725341797,106.30000305175781,112.27999877929688,111.96995544433594,460067000
"2024-07-26",116.19000244140625,116.19999694824219,111.58000183105469,113.05999755859375,112.74781036376953,293399100
"2024-07-29",113.69000244140625,116.27999877929688,111.30000305175781,111.58999633789062,111.28185272216797,248152100
"2024-07-30",111.5199966430664,111.98999786376953,102.54000091552734,103.7300033569336,103.44356536865234,486833300
"2024-07-31",112.9000015258789,118.33999633789062,110.87999725341797,117.0199966430664,116.69686126708984,473174200
"2024-08-01",117.52999877929688,120.16000366210938,106.80999755859375,109.20999908447266,108.9084243774414,523462300
"2024-08-02",103.76000213623047,108.72000122070312,101.37000274658203,107.2699966430664,106.97378540039062,482027500
"2024-08-05",92.05999755859375,103.41000366210938,90.69000244140625,100.44999694824219,100.17261505126953,552842400
"2024-08-06",103.83999633789062,107.70999908447266,100.55000305175781,104.25,103.96212768554688,409012100
"2024-08-07",107.80999755859375,108.80000305175781,98.69000244140625,98.91000366210938,98.63687896728516,411440400
"2024-08-08",102.0,105.5,97.5199966430664,104.97000122070312,104.68013763427734,391910000
"2024-08-09",105.63999938964844,106.5999984741211,103.43000030517578,104.75,104.46075439453125,290844200
"2024-08-12",106.31999969482422,111.06999969482422,106.26000213623047,109.0199966430664,108.71894836425781,325559900
"2024-08-13",112.44000244140625,116.2300033569336,111.58000183105469,116.13999938964844,115.81928253173828,312646700
"2024-08-14",118.52999877929688,118.5999984741211,114.06999969482422,118.08000183105469,117.75393676757812,339246400
"2024-08-15",118.76000213623047,123.23999786376953,117.47000122070312,122.86000061035156,122.52073669433594,318086700
"2024-08-16",121.94000244140625,125.0,121.18000030517578,124.58000183105469,124.23599243164062,302589900
"2024-08-19",124.27999877929688,130.0,123.41999816894531,130.0,129.64102172851562,318333600
"2024-08-20",128.39999389648438,129.8800048828125,125.88999938964844,127.25,126.89862060546875,300087400
"2024-08-21",127.31999969482422,129.35000610351562,126.66000366210938,128.5,128.14517211914062,257883600
"2024-08-22",130.02000427246094,130.75,123.0999984741211,123.73999786376953,123.39830017089844,376189100
"2024-08-23",125.86000061035156,129.60000610351562,125.22000122070312,129.3699951171875,129.0127716064453,323230300
"2024-08-26",129.57000732421875,131.25999450683594,124.37000274658203,126.45999908447266,126.11080169677734,331964700
"2024-08-27",125.05000305175781,129.1999969482422,123.87999725341797,128.3000030517578,127.94572448730469,303134600
"2024-08-28",128.1199951171875,128.3300018310547,122.63999938964844,125.61000061035156,125.26313018798828,448101100
"2024-08-29",121.36000061035156,124.43000030517578,116.70999908447266,117.58999633789062,117.2652816772461,453023300
"2024-08-30",119.52999877929688,121.75,117.22000122070312,119.37000274658203,119.04037475585938,333751600
"2024-09-03",116.01000213623047,116.20999908447266,107.29000091552734,108.0,107.7017822265625,477155100
"2024-09-04",105.41000366210938,113.2699966430664,104.12000274658203,106.20999908447266,105.91671752929688,372470300
"2024-09-05",104.98999786376953,109.6500015258789,104.76000213623047,107.20999908447266,106.91394805908203,306850700
"2024-09-06",108.04000091552734,108.1500015258789,100.94999694824219,102.83000183105469,102.54605102539062,413638100
"2024-09-09",104.87999725341797,106.55000305175781,103.69000244140625,106.47000122070312,106.1760025024414,273912000
"2024-09-10",107.80999755859375,109.4000015258789,104.94999694824219,108.0999984741211,107.80148315429688,268283700
"2024-09-11",109.38999938964844,117.19000244140625,107.41999816894531,116.91000366210938,116.58717346191406,441422400
"2024-09-12",116.83999633789062,120.79000091552734,115.37999725341797,119.13999938964844,118.8211898803711,366052700
"2024-09-13",119.08000183105469,119.95999908447266,117.5999984741211,119.0999984741211,118.78128051757812,238358300
"2024-09-16",116.79000091552734,118.18000030517578,114.36000061035156,116.77999877929688,116.46749114990234,248772300
"2024-09-17",118.16999816894531,118.80000305175781,114.83000183105469,115.58999633789062,115.28067016601562,231925900
"2024-09-18",115.88999938964844,117.69999694824219,113.22000122070312,113.37000274658203,113.06661987304688,310318900
"2024-09-19",117.3499984741211,119.66000366210938,117.25,117.87000274658203,117.55457305908203,293506400
"2024-09-20",117.05999755859375,118.62000274658203,115.38999938964844,116.0,115.6895751953125,382462400
"2024-09-23",116.55000305175781,116.98999786376953,114.86000061035156,116.26000213623047,115.94888305664062,206228500
"2024-09-24",116.5199966430664,121.80000305175781,115.37999725341797,120.87000274658203,120.54655456542969,354966800
"2024-09-25",122.0199966430664,124.94000244140625,121.61000061035156,123.51000213623047,123.17948150634766,284692900
"2024-09-26",126.80000305175781,127.66999816894531,121.80000305175781,124.04000091552734,123.70806121826172,302582900
"2024-09-27",123.97000122070312,124.02999877929688,119.26000213623047,121.4000015258789,121.07511901855469,271009200
"2024-09-30",118.30999755859375,121.5,118.1500015258789,121.44000244140625,121.11502838134766,226553700
"2024-10-01",121.7699966430664,122.44000244140625,115.79000091552734,117.0,116.68689727783203,302094500
"2024-10-02",116.44000244140625,119.37999725341797,115.13999938964844,118.8499984741211,118.53195190429688,221845900
"2024-10-03",120.91999816894531,124.36000061035156,120.33999633789062,122.8499984741211,122.521240234375,277118000
"2024-10-04",124.94000244140625,125.04000091552734,121.83000183105469,124.91999816894531,124.58570098876953,243678100
"2024-10-07",124.98999786376953,130.63999938964844,124.94999694824219,127.72000122070312,127.37820434570312,346250200
"2024-10-08",130.25999450683594,133.47999572753906,129.4199981689453,132.88999938964844,132.53439331054688,285722500
"2024-10-09",134.11000061035156,134.52000427246094,131.3800048828125,132.64999389648438,132.29501342773438,246191600
"2024-10-10",131.91000366210938,135.0,131.0,134.80999755859375,134.44923400878906,242311300
"2024-10-11",134.00999450683594,135.77999877929688,133.66000366210938,134.8000030517578,134.43927001953125,170209500
"2024-10-14",136.47000122070312,139.60000610351562,136.3000030517578,138.07000732421875,137.7005157470703,232347700
"2024-10-15",137.8699951171875,138.57000732421875,128.74000549316406,131.60000610351562,131.24781799316406,377831000
"2024-10-16",133.97999572753906,136.6199951171875,131.5800018310547,135.72000122070312,135.3568115234375,264879700
"2024-10-17",139.33999633789062,140.88999938964844,136.8699951171875,136.92999267578125,136.56358337402344,306435900
"2024-10-18",138.6699981689453,138.89999389648438,137.27999877929688,138.0,137.63070678710938,176090200
"2024-10-21",138.1300048828125,143.7100067138672,138.0,143.7100067138672,143.325439453125,264554500
"2024-10-22",142.91000366210938,144.4199981689453,141.77999877929688,143.58999633789062,143.2057342529297,226311600
"2024-10-23",142.02999877929688,142.42999267578125,137.4600067138672,139.55999755859375,139.18650817871094,285930000
"2024-10-24",140.82000732421875,141.35000610351562,138.4600067138672,140.41000366210938,140.03427124023438,172354900
"2024-10-25",140.92999267578125,144.1300048828125,140.8000030517578,141.5399932861328,141.16122436523438,205122100
"2024-10-28",143.0,143.13999938964844,140.0500030517578,140.52000427246094,140.14395141601562,173586700
"2024-10-29",140.2899932861328,142.25999450683594,138.89999389648438,141.25,140.87200927734375,157593600
"2024-10-30",139.5399932861328,140.3300018310547,136.80999755859375,139.33999633789062,138.96710205078125,179418100
"2024-10-31",137.60000610351562,137.61000061035156,132.11000061035156,132.75999450683594,132.40472412109375,270039600
"2024-11-01",134.6999969482422,137.30999755859375,134.57000732421875,135.39999389648438,135.03765869140625,207127800
"2024-11-04",137.2100067138672,138.9600067138672,135.57000732421875,136.0500030517578,135.68592834472656,187528200
"2024-11-05",137.4499969482422,140.3699951171875,137.3300018310547,139.91000366210938,139.53561401367188,160537400
"2024-11-06",142.9600067138672,146.49000549316406,141.9600067138672,145.61000061035156,145.2203369140625,242043900
"2024-11-07",146.38999938964844,148.92999267578125,146.1699981689453,148.8800048828125,148.48158264160156,207323300
"2024-11-08",148.77000427246094,149.77000427246094,146.25999450683594,147.6300048828125,147.23492431640625,175665800
"2024-11-11",148.67999267578125,148.85000610351562,143.57000732421875,145.25999450683594,144.8712921142578,182325600
"2024-11-12",146.77999877929688,149.64999389648438,146.00999450683594,148.2899932861328,147.89317321777344,198634700
"2024-11-13",149.07000732421875,149.3300018310547,145.89999389648438,146.27000427246094,145.8785858154297,191903300
"2024-11-14",147.63999938964844,149.0,145.5500030517578,146.75999450683594,146.3672637939453,194463300
"2024-11-15",144.8699951171875,145.24000549316406,140.0800018310547,141.97999572753906,141.6000518798828,250132900
"2024-11-18",139.5,141.5500030517578,137.14999389648438,140.14999389648438,139.77493286132812,221205300
"2024-11-19",141.32000732421875,147.1300048828125,140.99000549316406,147.00999450683594,146.61659240722656,227834900
"2024-11-20",147.41000366210938,147.55999755859375,142.72999572753906,145.88999938964844,145.49960327148438,309871700
"2024-11-21",149.35000610351562,152.88999938964844,140.6999969482422,146.6699981689453,146.27748107910156,400946600
"2024-11-22",145.92999267578125,147.16000366210938,141.10000610351562,141.9499969482422,141.5701446533203,236406200
"2024-11-25",141.99000549316406,142.0500030517578,135.82000732421875,136.02000427246094,135.656005859375,344941900
"2024-11-26",137.6999969482422,139.3000030517578,135.6699981689453,136.9199981689453,136.55361938476562,190287700
"2024-11-27",135.00999450683594,137.22000122070312,131.8000030517578,135.33999633789062,134.97779846191406,226370900
"2024-11-29",136.77999877929688,139.35000610351562,136.0500030517578,138.25,137.88003540039062,141863200
"2024-12-02",138.8300018310547,140.4499969482422,137.82000732421875,138.6300048828125,138.259033203125,171682800
"2024-12-03",138.25999450683594,140.5399932861328,137.9499969482422,140.25999450683594,139.8846435546875,164414000
"2024-12-04",142.0,145.7899932861328,140.2899932861328,145.13999938964844,144.75157165527344,231224300
"2024-12-05",145.11000061035156,146.5399932861328,143.9499969482422,145.05999755859375,144.68177795410156,172621200
"2024-12-06",144.60000610351562,145.6999969482422,141.30999755859375,142.44000244140625,142.06861877441406,188505600
"2024-12-09",138.97000122070312,139.9499969482422,137.1300048828125,138.80999755859375,138.4480743408203,189308600
"2024-12-10",139.00999450683594,141.82000732421875,133.7899932861328,135.07000732421875,134.7178192138672,210020900
"2024-12-11",137.36000061035156,140.1699981689453,135.2100067138672,139.30999755859375,138.94676208496094,184905200
"2024-12-12",137.0800018310547,138.44000244140625,135.8000030517578,137.33999633789062,136.98190307617188,159211400
"2024-12-13",138.94000244140625,139.60000610351562,132.5399932861328,134.25,133.8999786376953,231514900
"2024-12-16",134.17999267578125,134.39999389648438,130.4199981689453,132.0,131.65582275390625,237951100
"2024-12-17",129.08999633789062,131.58999633789062,126.86000061035156,130.38999938964844,130.05003356933594,259410300
"2024-12-18",133.86000061035156,136.6999969482422,128.27999877929688,128.91000366210938,128.57388305664062,277444500
"2024-12-19",131.75999450683594,134.02999877929688,129.5500030517578,130.67999267578125,130.3392791748047,209719200
"2024-12-20",129.80999755859375,135.27999877929688,128.22000122070312,134.6999969482422,134.34878540039062,306528600
"2024-12-23",136.27999877929688,139.7899932861328,135.1199951171875,139.6699981689453,139.3058319091797,176053500
"2024-12-24",140.0,141.89999389648438,138.64999389648438,140.22000122070312,139.85440063476562,105157000
"2024-12-26",139.6999969482422,140.85000610351562,137.72999572753906,139.92999267578125,139.56515502929688,116205600
"2024-12-27",138.5500030517578,139.02000427246094,134.7100067138672,137.00999450683594,136.6527557373047,170582600
"2024-12-30",134.8300018310547,140.27000427246094,134.02000427246094,137.49000549316406,137.13153076171875,167734700
"2024-12-31",138.02999877929688,138.07000732421875,133.8300018310547,134.2899932861328,133.9398651123047,155659200
"2025-01-02",136.0,138.8800048828125,134.6300048828125,138.30999755859375,137.9493865966797,198247200
"2025-01-03",140.00999450683594,144.89999389648438,139.72999572753906,144.47000122070312,144.0933074951172,229322500
"2025-01-06",148.58999633789062,152.16000366210938,147.82000732421875,149.42999267578125,149.0403594970703,265377400
"2025-01-07",153.02999877929688,153.1300048828125,140.00999450683594,140.13999938964844,139.77459716796875,351782200
"2025-01-08",142.5800018310547,143.9499969482422,137.55999755859375,140.11000061035156,139.7446746826172,227349900
"2025-01-10",137.4499969482422,139.9199981689453,134.22000122070312,135.91000366210938,135.55563354492188,207602500
"2025-01-13",129.99000549316406,133.49000549316406,129.50999450683594,133.22999572753906,132.8826141357422,204808900
"2025-01-14",136.0500030517578,136.3800048828125,130.0500030517578,131.75999450683594,131.41647338867188,195590500
"2025-01-15",133.64999389648438,136.4499969482422,131.2899932861328,136.24000549316406,135.884765625,185217300
"2025-01-16",138.63999938964844,138.75,133.49000549316406,133.57000732421875,133.22174072265625,209235600
"2025-01-17",136.69000244140625,138.5,135.4600067138672,137.7100067138672,137.3509521484375,201188800
"2025-01-21",139.16000366210938,141.8300018310547,137.08999633789062,140.8300018310547,140.4628143310547,197749000
"2025-01-22",144.66000366210938,147.7899932861328,143.6699981689453,147.07000732421875,146.68655395507812,237651400
"2025-01-23",145.0500030517578,147.22999572753906,143.72000122070312,147.22000122070312,146.83615112304688,155915500
"2025-01-24",148.3699951171875,148.97000122070312,141.8800048828125,142.6199951171875,142.24813842773438,234657600
"2025-01-27",124.80000305175781,128.39999389648438,116.69999694824219,118.41999816894531,118.1112289428711,818830900
"2025-01-28",121.80999755859375,129.0,116.25,128.99000549316406,128.6536865234375,579666400
"2025-01-29",126.5,126.88999938964844,120.05000305175781,123.69999694824219,123.37747192382812,467120600
"2025-01-30",123.0999984741211,125.0,118.0999984741211,124.6500015258789,124.32499694824219,392925500
"2025-01-31",123.77999877929688,127.8499984741211,119.19000244140625,120.06999969482422,119.7569351196289,388161100
"2025-02-03",114.75,118.56999969482422,113.01000213623047,116.66000366210938,116.35581970214844,371235700
"2025-02-04",116.95999908447266,121.19999694824219,116.69999694824219,118.6500015258789,118.34062957763672,256550000
"2025-02-05",121.76000213623047,125.0,120.76000213623047,124.83000183105469,124.50452423095703,262230800
"2025-02-06",127.41999816894531,128.77000427246094,125.20999908447266,128.67999267578125,128.34446716308594,251483600
"2025-02-07",129.22000122070312,130.3699951171875,125.0,129.83999633789062,129.50146484375,228186300
"2025-02-10",130.08999633789062,135.0,129.9600067138672,133.57000732421875,133.22174072265625,216989100
"2025-02-11",132.5800018310547,134.47999572753906,131.02000427246094,132.8000030517578,132.4537353515625,178902400
"2025-02-12",130.02000427246094,132.24000549316406,129.0800018310547,131.13999938964844,130.79808044433594,160278600
"2025-02-13",131.55999755859375,136.5,131.1699981689453,135.2899932861328,134.937255859375,197430000
"2025-02-14",136.47999572753906,139.25,135.5,138.85000610351562,138.48797607421875,195479600
"2025-02-18",141.27000427246094,143.44000244140625,137.92999267578125,139.39999389648438,139.0365447998047,219176600
"2025-02-19",139.50999450683594,141.36000061035156,137.22000122070312,139.22999572753906,138.86697387695312,167536000
"2025-02-20",140.02999877929688,140.66000366210938,136.7899932861328,140.11000061035156,139.7446746826172,143903600
"2025-02-21",140.0399932861328,141.4600067138672,134.02999877929688,134.42999267578125,134.07948303222656,228217600
"2025-02-24",136.55999755859375,138.58999633789062,130.0800018310547,130.27999877929688,129.9403076171875,251381100
"2025-02-25",129.97999572753906,130.1999969482422,124.44000244140625,126.62999725341797,126.2998275756836,271428700
"2025-02-26",129.99000549316406,133.72999572753906,128.49000549316406,131.27999877929688,130.93771362304688,322553800
"2025-02-27",135.0,135.00999450683594,120.01000213623047,120.1500015258789,119.83673095703125,443175800
"2025-02-28",118.0199966430664,125.08999633789062,116.4000015258789,124.91999816894531,124.59428405761719,389091100
"2025-03-03",123.51000213623047,123.69999694824219,112.27999877929688,114.05999755859375,113.76261138916016,411381400
"2025-03-04",110.6500015258789,119.30999755859375,110.11000061035156,115.98999786376953,115.68757629394531,398163300
"2025-03-05",117.58000183105469,118.27999877929688,114.51000213623047,117.30000305175781,116.99417114257812,284337900
"2025-03-06",113.52999877929688,115.3499984741211,110.22000122070312,110.56999969482422,110.28170013427734,321181900
"2025-03-07",111.25,113.4800033569336,107.55999755859375,112.69000244140625,112.39618682861328,341755500
"2025-03-10",109.9000015258789,111.8499984741211,105.45999908447266,106.9800033569336,106.70106506347656,366487400
"2025-03-11",106.98999786376953,112.23999786376953,104.7699966430664,108.76000213623047,108.4764175415039,354865700
"2025-03-12",114.12000274658203,116.76000213623047,112.87999725341797,115.73999786376953,115.44884490966797,323857500
"2025-03-13",117.02999877929688,117.76000213623047,113.79000091552734,115.58000183105469,115.28925323486328,299033100
"2025-03-14",118.61000061035156,121.87999725341797,118.1500015258789,121.66999816894531,121.36392211914062,277593500
"2025-03-17",122.73999786376953,122.88999938964844,118.02999877929688,119.52999877929688,119.22930908203125,255501500
"2025-03-18",118.0,119.0199966430664,114.54000091552734,115.43000030517578,115.13963317871094,299686900
"2025-03-19",117.2699966430664,120.44999694824219,115.68000030517578,117.5199966430664,117.22435760498047,273426200
"2025-03-20",116.55000305175781,120.19999694824219,116.47000122070312,118.52999877929688,118.2318115234375,248829700
"2025-03-21",116.94000244140625,117.98999786376953,115.41999816894531,117.69999694824219,117.4039077758789,266498500
"2025-03-24",119.87999725341797,122.22000122070312,119.33999633789062,121.41000366210938,121.10458374023438,228452500
"2025-03-25",120.55000305175781,121.29000091552734,118.91999816894531,120.69000244140625,120.38639068603516,167447200
"2025-03-26",118.7300033569336,118.83999633789062,112.70999908447266,113.76000213623047,113.47382354736328,293463300
"2025-03-27",111.3499984741211,114.44999694824219,110.66000366210938,111.43000030517578,111.1496810913086,236902100
"2025-03-28",111.48999786376953,112.87000274658203,109.06999969482422,109.66999816894531,109.39411163330078,229872500
"2025-03-31",105.12999725341797,110.95999908447266,103.6500015258789,108.37999725341797,108.10735321044922,299212700
"2025-04-01",108.5199966430664,110.19999694824219,106.47000122070312,110.1500015258789,109.87290954589844,222614000
"2025-04-02",107.29000091552734,111.9800033569336,106.79000091552734,110.41999816894531,110.14221954345703,220601200
"2025-04-03",103.51000213623047,105.62999725341797,101.5999984741211,101.80000305175781,101.5439224243164,338769400
"2025-04-04",98.91000366210938,100.12999725341797,92.11000061035156,94.30999755859375,94.07276153564453,532273800
"2025-04-07",87.45999908447266,101.75,86.62000274658203,97.63999938964844,97.39437103271484,611041300
"2025-04-08",103.80999755859375,105.8499984741211,94.45999908447266,96.30000305175781,96.05775451660156,476243400
"2025-04-09",98.88999938964844,115.0999984741211,97.52999877929688,114.33000183105469,114.04240417480469,612918300
"2025-04-10",109.37000274658203,110.86000061035156,99.1500015258789,107.56999969482422,107.29940032958984,437812400
"2025-04-11",108.5,111.55000305175781,107.4800033569336,110.93000030517578,110.65094757080078,313417300
"2025-04-14",114.11000061035156,114.29000091552734,109.06999969482422,110.70999908447266,110.43150329589844,264705000
"2025-04-15",110.97000122070312,113.62000274658203,110.5,112.19999694824219,111.9177474975586,228966900
"2025-04-16",104.55000305175781,106.79000091552734,100.44999694824219,104.48999786376953,104.22714233398438,397016900
"2025-04-17",104.44999694824219,104.47000122070312,100.05000305175781,101.48999786376953,101.23468780517578,292517500
"2025-04-21",98.7699966430664,99.44000244140625,95.04000091552734,96.91000366210938,96.66622161865234,288501100
"2025-04-22",98.77999877929688,99.80999755859375,97.27999877929688,98.88999938964844,98.64122772216797,241004800
"2025-04-23",104.5199966430664,104.80000305175781,102.0199966430664,102.70999908447266,102.45161437988281,247526000
"2025-04-24",103.4800033569336,106.54000091552734,103.11000061035156,106.43000030517578,106.1622543334961,220815000
"2025-04-25",106.8499984741211,111.91999816894531,105.7300033569336,111.01000213623047,110.73074340820312,251064700
"2025-04-28",109.69000244140625,110.37000274658203,106.0199966430664,108.7300033569336,108.45648193359375,207708500
"2025-04-29",107.66999816894531,110.19999694824219,107.44000244140625,109.0199966430664,108.7457504272461,170444300
"2025-04-30",104.47000122070312,108.91999816894531,104.08000183105469,108.91999816894531,108.64599609375,235044600
"2025-05-01",113.08000183105469,114.94000244140625,111.30000305175781,111.61000061035156,111.32923126220703,236121500
"2025-05-02",114.18000030517578,115.4000015258789,113.37000274658203,114.5,114.21196746826172,190194800
"2025-05-05",112.91000366210938,114.66999816894531,112.66000366210938,113.81999969482422,113.5336685180664,133163200
"2025-05-06",111.4800033569336,114.73999786376953,110.81999969482422,113.54000091552734,113.25437927246094,158525600
"2025-05-07",113.05000305175781,117.68000030517578,112.27999877929688,117.05999755859375,116.7655258178711,206758800
"2025-05-08",118.25,118.68000030517578,115.8499984741211,117.37000274658203,117.07474517822266,198428100
"2025-05-09",117.3499984741211,118.2300033569336,115.20999908447266,116.6500015258789,116.3565673828125,132972200
"2025-05-12",121.97000122070312,123.0,120.27999877929688,123.0,122.6905746459961,225023300
"2025-05-13",124.9800033569336,131.22000122070312,124.47000122070312,129.92999267578125,129.60311889648438,330430100
"2025-05-14",133.1999969482422,135.44000244140625,131.67999267578125,135.33999633789062,134.99952697753906,281180800
"2025-05-15",134.2899932861328,136.3000030517578,132.66000366210938,134.8300018310547,134.49082946777344,226632600
"2025-05-16",136.22000122070312,136.35000610351562,133.4600067138672,135.39999389648438,135.05938720703125,226542500
"2025-05-19",132.38999938964844,135.8699951171875,132.38999938964844,135.57000732421875,135.2289581298828,193154600
"2025-05-20",134.2899932861328,134.5800018310547,132.6199951171875,134.3800048828125,134.04196166992188,161514200
"2025-05-21",133.05999755859375,137.39999389648438,130.58999633789062,131.8000030517578,131.46847534179688,270608700
"2025-05-22",132.22999572753906,134.25,131.5500030517578,132.8300018310547,132.495849609375,187344000
"2025-05-23",130.0,132.67999267578125,129.16000366210938,131.2899932861328,130.959716796875,198821300
"2025-05-27",134.14999389648438,135.66000366210938,133.30999755859375,135.5,135.15914916992188,192953600
"2025-05-28",136.02999877929688,137.25,134.7899932861328,134.80999755859375,134.47085571289062,304021100
"2025-05-29",142.25,143.49000549316406,137.91000366210938,139.19000244140625,138.83985900878906,369241900
"2025-05-30",138.72000122070312,139.6199951171875,132.9199981689453,135.1300048828125,134.7900848388672,333170900
"2025-06-02",135.49000549316406,138.1199951171875,135.39999389648438,137.3800048828125,137.03440856933594,197663100
"2025-06-03",138.77999877929688,142.0,137.9499969482422,141.22000122070312,140.86474609375,225578800
"2025-06-04",142.19000244140625,142.38999938964844,139.5399932861328,141.9199981689453,141.56298828125,167120800
"2025-06-05",142.1699981689453,144.0,138.8300018310547,139.99000549316406,139.6378631591797,231397900
"2025-06-06",142.50999450683594,143.27000427246094,141.50999450683594,141.72000122070312,141.36351013183594,153986200
"2025-06-09",143.19000244140625,145.0,141.94000244140625,142.6300048828125,142.2711944580078,185114500
"2025-06-10",142.69000244140625,144.2899932861328,141.52999877929688,143.9600067138672,143.59786987304688,155881900
"2025-06-11",144.61000061035156,144.99000549316406,141.8699951171875,142.8300018310547,142.4805908203125,167694000
"2025-06-12",141.97000122070312,145.0,141.85000610351562,145.0,144.64529418945312,162365000
"2025-06-13",142.47999572753906,143.5800018310547,140.85000610351562,141.97000122070312,141.62271118164062,180820600
"2025-06-16",143.35000610351562,146.17999267578125,143.1999969482422,144.69000244140625,144.33604431152344,183133700
"2025-06-17",144.49000549316406,145.22000122070312,143.77999877929688,144.1199951171875,143.76742553710938,139108000
"2025-06-18",144.00999450683594,145.64999389648438,143.1199951171875,145.47999572753906,145.12411499023438,161494100
"2025-06-20",145.4499969482422,146.1999969482422,142.64999389648438,143.85000610351562,143.49810791015625,242956200
"2025-06-23",142.5,144.77999877929688,142.02999877929688,144.1699981689453,143.81732177734375,154308900
"2025-06-24",145.55999755859375,147.9600067138672,145.5,147.89999389648438,147.53817749023438,187566100
"2025-06-25",149.27000427246094,154.4499969482422,149.25999450683594,154.30999755859375,153.93251037597656,269146500
"2025-06-26",155.97999572753906,156.72000122070312,154.0,155.02000427246094,154.64077758789062,198145700
"2025-06-27",156.0399932861328,158.7100067138672,155.25999450683594,157.75,157.36410522460938,263234500
"2025-06-30",158.39999389648438,158.66000366210938,155.9600067138672,157.99000549316406,157.60350036621094,194580300
"2025-07-01",156.2899932861328,157.1999969482422,151.49000549316406,153.3000030517578,152.92498779296875,213143600
"2025-07-02",152.97999572753906,157.60000610351562,152.97000122070312,157.25,156.86532592773438,171224100
"2025-07-03",158.3699951171875,160.97999572753906,157.77000427246094,159.33999633789062,158.95018005371094,143716100
"2025-07-07",158.1999969482422,159.30999755859375,157.33999633789062,158.24000549316406,157.85289001464844,140139000
"2025-07-08",159.3300018310547,160.22000122070312,158.38999938964844,160.0,159.60858154296875,138133000
"2025-07-09",161.22000122070312,164.4199981689453,161.16000366210938,162.8800048828125,162.48155212402344,183656400
"2025-07-10",164.32000732421875,164.5,161.61000061035156,164.10000610351562,163.6985626220703,167704100
"2025-07-11",163.72000122070312,167.88999938964844,163.47000122070312,164.9199981689453,164.51654052734375,193633300
"2025-07-14",165.3699951171875,165.49000549316406,162.02000427246094,164.07000732421875,163.6686248779297,136975800
"2025-07-15",171.19000244140625,172.39999389648438,169.1999969482422,170.6999969482422,170.28240966796875,230627400
"2025-07-16",171.05999755859375,171.75,168.89999389648438,171.3699951171875,170.9507598876953,158831500
"2025-07-17",172.02000427246094,174.16000366210938,170.8300018310547,173.0,172.57679748535156,160841100
"2025-07-18",173.63999938964844,174.25,171.25999450683594,172.41000366210938,171.98825073242188,146456400
"2025-07-21",172.75,173.3800048828125,171.0,171.3800048828125,170.9607391357422,123126100
"2025-07-22",171.33999633789062,171.38999938964844,164.5800018310547,167.02999877929688,166.62136840820312,193114300
"2025-07-23",169.52999877929688,171.25999450683594,167.97000122070312,170.77999877929688,170.3622283935547,154082200
"2025-07-24",172.44000244140625,173.8300018310547,171.3000030517578,173.74000549316406,173.3149871826172,128984600
"2025-07-25",173.61000061035156,174.72000122070312,172.9600067138672,173.5,173.0755615234375,122316800
"2025-07-28",174.02000427246094,177.0,173.97000122070312,176.75,176.317626953125,140023500
"2025-07-29",177.9600067138672,179.3800048828125,175.02000427246094,175.50999450683594,175.08062744140625,154077500
"2025-07-30",176.50999450683594,179.88999938964844,176.0399932861328,179.27000427246094,178.83145141601562,174312200
"2025-07-31",182.89999389648438,183.3000030517578,175.92999267578125,177.8699951171875,177.4348602294922,221685400
"2025-08-01",174.08999633789062,176.5399932861328,170.88999938964844,173.72000122070312,173.29502868652344,204529000
"2025-08-04",175.16000366210938,180.1999969482422,174.52000427246094,180.0,179.55966186523438,148174600
"2025-08-05",179.6199951171875,180.25999450683594,175.89999389648438,178.25999450683594,177.8238983154297,156407600
"2025-08-06",176.3300018310547,179.89999389648438,176.25,179.4199981689453,178.98106384277344,137192300
"2025-08-07",181.57000732421875,183.8800048828125,178.8000030517578,180.77000427246094,180.32777404785156,151878400
"2025-08-08",181.5500030517578,183.3000030517578,180.39999389648438,182.6999969482422,182.2530517578125,123396700
"2025-08-11",182.0500030517578,183.83999633789062,180.25,182.05999755859375,181.6146240234375,138323200
"2025-08-12",182.9600067138672,184.47999572753906,179.4600067138672,183.16000366210938,182.71192932128906,145485700
"2025-08-13",182.6199951171875,183.97000122070312,179.35000610351562,181.58999633789062,181.14576721191406,179871700
"2025-08-14",179.75,183.02000427246094,179.4600067138672,182.02000427246094,181.57472229003906,129554000
"2025-08-15",181.8800048828125,181.89999389648438,178.0399932861328,180.4499969482422,180.008544921875,156602200
"2025-08-18",180.60000610351562,182.94000244140625,180.58999633789062,182.00999450683594,181.5647430419922,132008000
"2025-08-19",182.42999267578125,182.5,175.49000549316406,175.63999938964844,175.2103271484375,185229200
"2025-08-20",175.1699981689453,176.0,168.8000030517578,175.39999389648438,174.97091674804688,215142700
"2025-08-21",174.85000610351562,176.89999389648438,173.80999755859375,174.97999572753906,174.55194091796875,140040900
"2025-08-22",172.61000061035156,178.58999633789062,171.1999969482422,177.99000549316406,177.5545654296875,172789400
"2025-08-25",178.35000610351562,181.91000366210938,176.57000732421875,179.80999755859375,179.37013244628906,163012800
"2025-08-26",180.05999755859375,182.38999938964844,178.80999755859375,181.77000427246094,181.32533264160156,168688200
"2025-08-27",181.97999572753906,182.49000549316406,179.10000610351562,181.60000610351562,181.15574645996094,235518900
"2025-08-28",180.82000732421875,184.47000122070312,176.41000366210938,180.1699981689453,179.72923278808594,281787800
"2025-08-29",178.11000061035156,178.14999389648438,173.14999389648438,174.17999267578125,173.75389099121094,243257900
"2025-09-02",170.0,172.3800048828125,167.22000122070312,170.77999877929688,170.3622283935547,231164900
"2025-09-03",171.05999755859375,172.41000366210938,168.8800048828125,170.6199951171875,170.2025909423828,164424900
"2025-09-04",170.57000732421875,171.86000061035156,169.41000366210938,171.66000366210938,171.2400665283203,141670100
"2025-09-05",168.02999877929688,169.02999877929688,164.07000732421875,167.02000427246094,166.61141967773438,224441400
"2025-09-08",167.5500030517578,170.9600067138672,167.35000610351562,168.30999755859375,167.89825439453125,163769100
"2025-09-09",169.08999633789062,170.97999572753906,166.74000549316406,170.75999450683594,170.34226989746094,157548400
"2025-09-10",176.63999938964844,179.2899932861328,175.47000122070312,177.3300018310547,176.89620971679688,226852000
"2025-09-11",179.67999267578125,180.27999877929688,176.47999572753906,177.1699981689453,176.7465362548828,151159300
"2025-09-12",177.77000427246094,178.60000610351562,176.4499969482422,177.82000732421875,177.39501953125,124911000
"2025-09-15",175.6699981689453,178.85000610351562,174.50999450683594,177.75,177.32516479492188,147061600
"2025-09-16",177.0,177.5,174.3800048828125,174.8800048828125,174.4620361328125,140737800
"2025-09-17",172.63999938964844,173.1999969482422,168.41000366210938,170.2899932861328,169.88296508789062,211843800
"2025-09-18",173.97999572753906,177.10000610351562,172.9600067138672,176.24000549316406,175.8187713623047,191763300
"2025-09-19",175.77000427246094,178.0800018310547,175.17999267578125,176.6699981689453,176.24774169921875,237182100
"2025-09-22",175.3000030517578,184.5500030517578,174.7100067138672,183.61000061035156,183.17115783691406,269637000
"2025-09-23",181.97000122070312,182.4199981689453,176.2100067138672,178.42999267578125,178.0035400390625,192559600
"2025-09-24",179.77000427246094,179.77999877929688,175.39999389648438,176.97000122070312,176.54702758789062,143564100
"2025-09-25",174.47999572753906,180.25999450683594,173.1300048828125,177.69000244140625,177.26528930664062,191586700
"2025-09-26",178.1699981689453,179.77000427246094,174.92999267578125,178.19000244140625,177.7641143798828,148573700
"2025-09-29",180.42999267578125,184.0,180.32000732421875,181.85000610351562,181.4153594970703,193063500
"2025-09-30",182.0800018310547,187.35000610351562,181.47999572753906,186.5800018310547,186.13406372070312,236981000
"2025-10-01",185.24000549316406,188.13999938964844,183.89999389648438,187.24000549316406,186.79249572753906,173844900
"2025-10-02",189.60000610351562,191.0500030517578,188.05999755859375,188.88999938964844,188.4385528564453,136805800
"2025-10-03",189.19000244140625,190.36000061035156,185.3800048828125,187.6199951171875,187.17156982421875,137596900
"2025-10-06",185.5,187.22999572753906,183.3300018310547,185.5399932861328,185.09652709960938,157678100
"2025-10-07",186.22999572753906,189.05999755859375,184.0,185.0399932861328,184.5977325439453,140088000
"2025-10-08",186.57000732421875,189.60000610351562,186.5399932861328,189.11000061035156,188.65802001953125,130168900
"2025-10-09",192.22999572753906,195.3000030517578,191.05999755859375,192.57000732421875,192.10975646972656,182997200
"2025-10-10",193.50999450683594,195.6199951171875,182.0500030517578,183.16000366210938,182.7222442626953,268774400
"2025-10-13",187.97000122070312,190.11000061035156,185.9600067138672,188.32000732421875,187.8699188232422,153482800
"2025-10-14",184.77000427246094,184.8000030517578,179.6999969482422,180.02999877929688,179.59971618652344,205641400
"2025-10-15",184.8000030517578,184.8699951171875,177.2899932861328,179.8300018310547,179.4001922607422,214450500
"2025-10-16",182.22999572753906,183.27999877929688,179.77000427246094,181.80999755859375,181.3754425048828,179723300
"2025-10-17",180.17999267578125,184.10000610351562,179.75,183.22000122070312,182.78208923339844,173135200
"2025-10-20",183.1300048828125,185.1999969482422,181.72999572753906,182.63999938964844,182.20347595214844,128544700
"2025-10-21",182.7899932861328,182.7899932861328,179.8000030517578,181.16000366210938,180.72702026367188,124240200
"2025-10-22",181.13999938964844,183.44000244140625,176.75999450683594,180.27999877929688,179.84910583496094,162249600
"2025-10-23",180.4199981689453,183.02999877929688,179.7899932861328,182.16000366210938,181.72462463378906,111363700
"2025-10-24",183.83999633789062,187.47000122070312,183.5,186.25999450683594,185.81480407714844,131296700
"2025-10-27",189.99000549316406,192.0,188.42999267578125,191.49000549316406,191.03231811523438,153452700
"2025-10-28",193.0500030517578,203.14999389648438,191.91000366210938,201.02999877929688,200.54953002929688,297986200
"2025-10-29",207.97999572753906,212.19000244140625,204.77999877929688,207.0399932861328,206.54513549804688,308829600
"2025-10-30",205.14999389648438,206.16000366210938,201.41000366210938,202.88999938964844,202.4050750732422,178864400
"2025-10-31",206.4499969482422,207.97000122070312,202.07000732421875,202.49000549316406,202.00604248046875,179802200
"2025-11-03",208.0800018310547,211.33999633789062,205.55999755859375,206.8800048828125,206.3855438232422,180267300
"2025-11-04",203.0,203.97000122070312,197.92999267578125,198.69000244140625,198.21511840820312,188919300
"2025-11-05",198.77000427246094,202.9199981689453,194.64999389648438,195.2100067138672,194.74343872070312,171350300
"2025-11-06",196.4199981689453,197.6199951171875,186.3800048828125,188.0800018310547,187.63047790527344,223029800
"2025-11-07",184.89999389648438,188.32000732421875,178.91000366210938,188.14999389648438,187.70028686523438,264942300
"2025-11-10",195.11000061035156,199.94000244140625,193.7899932861328,199.0500030517578,198.57427978515625,198897100
"2025-11-11",195.16000366210938,195.4199981689453,191.3000030517578,193.16000366210938,192.69833374023438,176483300
"2025-11-12",195.72000122070312,195.88999938964844,191.1300048828125,193.8000030517578,193.33680725097656,154935300
"2025-11-13",191.0500030517578,191.44000244140625,183.85000610351562,186.86000061035156,186.4134063720703,207423100
"2025-11-14",182.86000061035156,191.00999450683594,180.5800018310547,190.1699981689453,189.71546936035156,186591900
"2025-11-17",185.97000122070312,189.0,184.32000732421875,186.60000610351562,186.15402221679688,173628900
"2025-11-18",183.3800048828125,184.8000030517578,179.64999389648438,181.36000061035156,180.92652893066406,213598900
"2025-11-19",184.7899932861328,187.86000061035156,182.8300018310547,186.52000427246094,186.07420349121094,247246400
"2025-11-20",195.9499969482422,196.0,179.85000610351562,180.63999938964844,180.20826721191406,343504800
"2025-11-21",181.24000549316406,184.55999755859375,172.92999267578125,178.8800048828125,178.4524688720703,346926200
"2025-11-24",179.49000549316406,183.5,176.47999572753906,182.5500030517578,182.1136932373047,256618300
"2025-11-25",174.91000366210938,178.16000366210938,169.5500030517578,177.82000732421875,177.39501953125,320600300
"2025-11-26",181.6300048828125,182.91000366210938,178.24000549316406,180.25999450683594,179.82916259765625,183852000
"2025-11-28",179.00999450683594,179.2899932861328,176.5,177.0,176.57696533203125,121332800
"2025-12-01",174.75999450683594,180.3000030517578,173.67999267578125,179.9199981689453,179.48995971679688,188131000
"2025-12-02",181.75999450683594,185.66000366210938,180.0,181.4600067138672,181.02630615234375,182632200
"2025-12-03",181.0800018310547,182.4499969482422,179.11000061035156,179.58999633789062,179.16078186035156,165138000
"2025-12-04",181.6199951171875,184.52000427246094,179.9600067138672,183.3800048828125,182.95188903808594,167364900
"2025-12-05",183.88999938964844,184.66000366210938,180.91000366210938,182.41000366210938,181.98414611816406,143971100
"2025-12-08",182.63999938964844,188.0,182.39999389648438,185.5500030517578,185.1168212890625,204378100
"2025-12-09",185.55999755859375,185.72000122070312,183.32000732421875,184.97000122070312,184.53817749023438,144719700
"2025-12-10",184.97000122070312,185.47999572753906,182.0399932861328,183.77999877929688,183.35096740722656,162785400
"2025-12-11",180.27999877929688,181.32000732421875,176.6199951171875,180.92999267578125,180.5076141357422,182136600
"2025-12-12",181.11000061035156,182.82000732421875,174.6199951171875,175.02000427246094,174.61141967773438,204274900
"2025-12-15",177.94000244140625,178.4199981689453,175.02999877929688,176.2899932861328,175.87843322753906,164775600
"2025-12-16",176.25999450683594,178.49000549316406,174.89999389648438,177.72000122070312,177.3050994873047,148588100
"2025-12-17",176.10000610351562,176.1300048828125,170.30999755859375,170.94000244140625,170.5409393310547,222775500
"2025-12-18",174.52999877929688,176.14999389648438,171.82000732421875,174.13999938964844,173.73345947265625,176096000
"2025-12-19",176.6699981689453,181.4499969482422,176.33999633789062,180.99000549316406,180.56747436523438,324925900
"2025-12-22",183.9199981689453,184.16000366210938,182.35000610351562,183.69000244140625,183.26116943359375,129064400
"2025-12-23",182.97000122070312,189.3300018310547,182.89999389648438,189.2100067138672,188.76828002929688,174873600
"2025-12-24",187.94000244140625,188.91000366210938,186.58999633789062,188.61000061035156,188.169677734375,65528500
"2025-12-26",189.9199981689453,192.69000244140625,188.0,190.52999877929688,190.085205078125,139740300
"2025-12-29",187.7100067138672,188.75999450683594,185.91000366210938,188.22000122070312,187.7805938720703,120006100
"2025-12-30",188.24000549316406,188.99000549316406,186.92999267578125,187.5399932861328,187.1021728515625,97687300
"2025-12-31",189.57000732421875,190.55999755859375,186.49000549316406,186.5,186.06460571289062,120100500
"2026-01-02",189.83999633789062,192.92999267578125,188.25999450683594,188.85000610351562,188.4091339111328,148240500
"2026-01-05",191.75999450683594,193.6300048828125,186.14999389648438,188.1199951171875,187.68081665039062,183529700
"2026-01-06",190.52000427246094,192.1699981689453,186.82000732421875,187.24000549316406,186.80288696289062,176862600
"2026-01-07",188.57000732421875,191.3699951171875,186.55999755859375,189.11000061035156,188.66851806640625,153543200
"2026-01-08",189.11000061035156,189.5500030517578,183.7100067138672,185.0399932861328,184.60801696777344,172457000
"2026-01-09",185.0800018310547,186.33999633789062,183.6699981689453,184.86000061035156,184.42843627929688,131327500
"2026-01-12",183.22000122070312,187.1199951171875,183.02000427246094,184.94000244140625,184.5082550048828,137968500
"2026-01-13",185.0,188.11000061035156,183.39999389648438,185.80999755859375,185.37620544433594,160128900
"2026-01-14",184.32000732421875,184.4600067138672,180.8000030517578,183.13999938964844,182.7124481201172,159586100
"2026-01-15",186.5,189.6999969482422,186.3300018310547,187.0500030517578,186.6133270263672,206188600
"2026-01-16",189.0800018310547,190.44000244140625,186.0800018310547,186.22999572753906,185.7952423095703,187967200
"2026-01-20",181.89999389648438,182.3800048828125,177.61000061035156,178.07000732421875,177.654296875,223345300
"2026-01-21",179.0500030517578,185.3800048828125,178.39999389648438,183.32000732421875,182.8920440673828,200381000
"2026-01-22",184.75,186.1699981689453,183.92999267578125,184.83999633789062,184.40847778320312,139636600
"2026-01-23",187.5,189.60000610351562,186.82000732421875,187.6699981689453,187.23187255859375,142748100
"2026-01-26",187.16000366210938,189.1199951171875,185.99000549316406,186.47000122070312,186.03468322753906,124799600
"2026-01-27",187.24000549316406,190.0,185.6999969482422,188.52000427246094,188.07989501953125,143711600
"2026-01-28",191.27000427246094,192.35000610351562,189.83999633789062,191.52000427246094,191.07289123535156,148552700
"2026-01-29",191.33999633789062,193.47999572753906,186.05999755859375,192.50999450683594,192.06057739257812,171764400
"2026-01-30",191.2100067138672,194.49000549316406,189.47000122070312,191.1300048828125,190.68380737304688,179489500
"2026-02-02",187.1999969482422,190.3000030517578,184.8800048828125,185.61000061035156,185.1766815185547,165794100
"2026-02-03",186.24000549316406,186.27000427246094,176.22999572753906,180.33999633789062,179.9189910888672,204019600
"2026-02-04",179.4600067138672,179.5800018310547,171.91000366210938,174.19000244140625,173.78335571289062,207014100
"2026-02-05",174.92999267578125,176.82000732421875,171.02999877929688,171.8800048828125,171.47874450683594,206312900
"2026-02-06",176.69000244140625,187.0,174.60000610351562,185.41000366210938,184.97715759277344,231346200
"2026-02-09",184.25999450683594,193.66000366210938,183.9499969482422,190.0399932861328,189.59632873535156,196387400
"2026-02-10",191.3800048828125,192.47999572753906,188.1199951171875,188.5399932861328,188.09983825683594,136764800
"2026-02-11",192.4499969482422,193.25999450683594,188.77000427246094,190.0500030517578,189.6063232421875,144192700
"2026-02-12",193.02999877929688,193.61000061035156,186.50999450683594,186.94000244140625,186.5035858154297,189932500
"2026-02-13",187.47999572753906,187.5,181.58999633789062,182.80999755859375,182.38320922851562,161888000
"2026-02-17",181.75,187.14999389648438,179.17999267578125,184.97000122070312,184.53817749023438,162276900
"2026-02-18",188.75,190.3699951171875,186.75999450683594,187.97999572753906,187.5411376953125,164749100
"2026-02-19",187.05999755859375,188.42999267578125,185.66000366210938,187.89999389648438,187.46133422851562,126554500
"2026-02-20",186.57000732421875,190.3300018310547,185.94000244140625,189.82000732421875,189.37686157226562,178422300
"2026-02-23",191.39999389648438,193.9499969482422,189.5800018310547,191.5500030517578,191.10281372070312,171584800
"2026-02-24",191.49000549316406,193.77000427246094,187.39999389648438,192.85000610351562,192.39979553222656,175123600
"2026-02-25",194.4499969482422,197.6300048828125,193.7899932861328,195.55999755859375,195.10345458984375,250637100
"2026-02-26",194.27000427246094,194.2899932861328,184.32000732421875,184.88999938964844,184.4583740234375,360807900
"2026-02-27",181.25,182.58999633789062,176.3800048828125,177.19000244140625,176.77635192871094,311636500
"2026-03-02",175.00999450683594,183.4600067138672,174.63999938964844,182.47999572753906,182.05398559570312,209095300
"2026-03-03",178.49000549316406,180.89999389648438,176.9199981689453,180.0500030517578,179.62966918945312,178099400
"2026-03-04",180.44000244140625,184.6999969482422,180.05999755859375,183.0399932861328,182.6126708984375,177731200
"2026-03-05",181.1699981689453,184.05999755859375,177.8800048828125,183.33999633789062,182.91197204589844,198779700
"2026-03-06",179.83999633789062,182.75999450683594,176.82000732421875,177.82000732421875,177.40489196777344,189021900
"2026-03-09",176.8300018310547,182.91000366210938,175.55999755859375,182.64999389648438,182.22360229492188,177213600
"2026-03-10",182.39999389648438,186.44000244140625,182.00999450683594,184.77000427246094,184.33865356445312,179118500
"2026-03-11",185.91000366210938,187.6199951171875,184.4499969482422,186.02999877929688,185.60574340820312,145280400
"2026-03-12",184.0500030517578,184.94000244140625,181.75,183.13999938964844,182.7223358154297,155762700
"2026-03-13",184.9199981689453,186.08999633789062,179.94000244140625,180.25,179.8389434814453,160988400
"2026-03-16",182.97000122070312,188.8800048828125,181.41000366210938,183.22000122070312,182.80215454101562,217307400
"2026-03-17",185.05999755859375,185.39999389648438,181.67999267578125,181.92999267578125,181.51510620117188,182497800
"2026-03-18",182.47999572753906,183.3800048828125,180.3300018310547,180.39999389648438,179.98858642578125,156683100
"2026-03-19",178.00999450683594,179.97999572753906,175.7899932861328,178.55999755859375,178.15277099609375,170968500
"2026-03-20",178.0,178.25999450683594,171.72000122070312,172.6999969482422,172.30615234375,241323500
"2026-03-23",177.25999450683594,178.3699951171875,174.75999450683594,175.63999938964844,175.23944091796875,182836300
"2026-03-24",174.8300018310547,176.22000122070312,173.97999572753906,175.1999969482422,174.80044555664062,147667800
"2026-03-25",177.10000610351562,181.22000122070312,176.85000610351562,178.67999267578125,178.2725067138672,162602100
"2026-03-26",176.07000732421875,176.50999450683594,171.13999938964844,171.24000549316406,170.8494873046875,186152200
"2026-03-27",170.0,170.97000122070312,167.00999450683594,167.52000427246094,167.13796997070312,196212700
"2026-03-30",168.77999877929688,169.4499969482422,164.27000427246094,165.1699981689453,164.79331970214844,185627000
"2026-03-31",166.97000122070312,174.6199951171875,166.9600067138672,174.39999389648438,174.00225830078125,226181300
"2026-04-01",176.0,177.3699951171875,174.75,175.75,175.34918212890625,168132000
"2026-04-02",172.17999267578125,177.49000549316406,171.3699951171875,177.38999938964844,176.98545837402344,143143200
"2026-04-06",177.16000366210938,177.7899932861328,175.75999450683594,177.63999938964844,177.23487854003906,107564300
"2026-04-07",175.72999572753906,178.22999572753906,173.66000366210938,178.10000610351562,177.69383239746094,132534900
"2026-04-08",184.5,185.25999450683594,180.3000030517578,182.0800018310547,181.66476440429688,147732700
"2026-04-09",181.83999633789062,184.0800018310547,180.6199951171875,183.91000366210938,183.4906005859375,116428500
"2026-04-10",184.30999755859375,190.0,184.3000030517578,188.6300048828125,188.1998291015625,160459500
"2026-04-13",186.02999877929688,189.66000366210938,185.74000549316406,189.30999755859375,188.87826538085938,133648200
"2026-04-14",190.83999633789062,196.50999450683594,190.77000427246094,196.50999450683594,196.0618438720703,161307000
"2026-04-15",196.5399932861328,200.39999389648438,195.74000549316406,198.8699951171875,198.41647338867188,185338400
"2026-04-16",197.42999267578125,199.85000610351562,195.80999755859375,198.35000610351562,197.8976593017578,134012900
"2026-04-17",199.89999389648438,201.6999969482422,199.27000427246094,201.67999267578125,201.2200469970703,160324400
"2026-04-20",199.97999572753906,202.1699981689453,197.83999633789062,202.05999755859375,201.59918212890625,119381400
"2026-04-21",202.1300048828125,202.75,199.0,199.8800048828125,199.42417907714844,107945300
"2026-04-22",200.99000549316406,202.5,199.0,202.5,202.03819274902344,107501000
"2026-04-23",202.4600067138672,203.8300018310547,197.22000122070312,199.63999938964844,199.18470764160156,113561800
"2026-04-24",199.9600067138672,210.9499969482422,199.80999755859375,208.27000427246094,207.79502868652344,214134400
"2026-04-27",209.64999389648438,216.8300018310547,207.3800048828125,216.61000061035156,216.1160125732422,187172400
"2026-04-28",209.49000549316406,214.72999572753906,208.1999969482422,213.1699981689453,212.68385314941406,180275400
"2026-04-29",212.6999969482422,212.72000122070312,207.5800018310547,209.25,208.77279663085938,123711800
"2026-04-30",209.92999267578125,210.3000030517578,198.6999969482422,199.57000732421875,199.1148681640625,225239200
"2026-05-01",201.27999877929688,203.0,197.1199951171875,198.4499969482422,197.9974365234375,128647000
"2026-05-04",199.5,201.72999572753906,194.74000549316406,198.47999572753906,198.02734375,125368100
"2026-05-05",199.3000030517578,200.24000549316406,196.02999877929688,196.5,196.05186462402344,113406600
"2026-05-06",199.88999938964844,208.27000427246094,198.61000061035156,207.8300018310547,207.3560333251953,188362800
"2026-05-07",208.33999633789062,214.1999969482422,206.5,211.5,211.01766967773438,168307900
"2026-05-08",213.02999877929688,217.8000030517578,212.88999938964844,215.1999969482422,214.709228515625,136421400
"2026-05-11",214.0399932861328,222.3000030517578,213.88999938964844,219.44000244140625,218.93955993652344,160685800
"2026-05-12",218.5500030517578,223.75,214.9199981689453,220.77999877929688,220.27650451660156,159176600
"2026-05-13",224.92999267578125,227.83999633789062,221.57000732421875,225.8300018310547,225.3149871826172,150405400
"2026-05-14",229.85000610351562,236.5399932861328,229.3000030517578,235.74000549316406,235.202392578125,180782900
"2026-05-15",229.75999450683594,231.5,224.24000549316406,225.32000732421875,224.80615234375,180977600
"2026-05-18",229.8699951171875,230.0,218.3699951171875,222.32000732421875,221.81300354003906,146280900
"2026-05-19",219.6199951171875,224.47999572753906,217.91000366210938,220.61000061035156,220.1068878173828,140948200
"2026-05-20",223.17999267578125,226.1300048828125,220.5,223.47000122070312,222.9603729248047,184201600
"2026-05-21",222.2899932861328,227.39999389648438,217.92999267578125,219.50999450683594,219.0093994140625,203381800
"2026-05-22",220.89999389648438,221.00999450683594,214.8000030517578,215.3300018310547,214.83892822265625,169275700
"2026-05-26",216.5399932861328,218.17999267578125,212.0,214.86000061035156,214.37001037597656,187202600
"2026-05-27",214.1199951171875,214.14999389648438,208.77999877929688,212.60000610351562,212.1151580810547,167601200
"2026-05-28",211.27999877929688,215.52000427246094,211.22000122070312,214.25,213.7613983154297,143996000
"2026-05-29",214.5800018310547,217.86000061035156,211.1300048828125,211.13999938964844,210.6584930419922,289410600
"2026-06-01",215.72999572753906,224.8699951171875,215.6999969482422,224.36000061035156,223.8483428955078,212850700
"2026-06-02",227.17999267578125,232.27999877929688,221.35000610351562,222.82000732421875,222.3118438720703,193362900
"2026-06-03",221.72000122070312,222.82000732421875,214.50999450683594,214.75,214.26025390625,160907000
"2026-06-04",213.91000366210938,221.60000610351562,210.97000122070312,218.66000366210938,218.4156036376953,169022200
"2026-06-05",214.52999877929688,214.8699951171875,204.3300018310547,205.10000610351562,204.87075805664062,219655500
"2026-06-08",210.17999267578125,210.47000122070312,206.0,208.63999938964844,208.40679931640625,138372800
"2026-06-09",210.6199951171875,211.39999389648438,199.33999633789062,208.19000244140625,207.95730590820312,180962500
"2026-06-10",204.42999267578125,207.22000122070312,199.9199981689453,200.4199981689453,200.19598388671875,161746600
"2026-06-11",201.49000549316406,205.66000366210938,199.5399932861328,204.8699951171875,204.64100646972656,158643200
"2026-06-12",204.86000061035156,207.07000732421875,203.44000244140625,205.19000244140625,204.96066284179688,112001800
"2026-06-15",208.9199981689453,212.7100067138672,208.33999633789062,212.4499969482422,212.21253967285156,149936700
"2026-06-16",211.17999267578125,211.49000549316406,207.2899932861328,207.41000366210938,207.1781768798828,125694100
"2026-06-17",208.52999877929688,209.2100067138672,203.0800018310547,204.64999389648438,204.42124938964844,128363500
"2026-06-18",207.3300018310547,211.38999938964844,206.5,210.69000244140625,210.4545135498047,241272000
"2026-06-22",211.44000244140625,213.99000549316406,207.72000122070312,208.64999389648438,208.41677856445312,122041400
"2026-06-23",202.1699981689453,203.77000427246094,200.0,200.0399932861328,199.81640625,153496200
"2026-06-24",200.1199951171875,201.6699981689453,196.5800018310547,199.0,198.77757263183594,151810700
"2026-06-25",200.0800018310547,200.8000030517578,192.1300048828125,195.74000549316406,195.52122497558594,149550000
"2026-06-26",193.1199951171875,195.5500030517578,191.22000122070312,192.52999877929688,192.31480407714844,179304100
"2026-06-29",193.85000610351562,196.17999267578125,189.8000030517578,194.97000122070312,194.7520751953125,148835700
"2026-06-30",197.24000549316406,200.6300048828125,195.11000061035156,200.08999633789062,199.86634826660156,166476700
"2026-07-01",196.1999969482422,199.85000610351562,193.4499969482422,197.5800018310547,197.35916137695312,146147600
"2026-07-02",197.13999938964844,200.05999755859375,192.35000610351562,194.8300018310547,194.61224365234375,142068700
"2026-07-06",194.4199981689453,197.5500030517578,193.99000549316406,195.5500030517578,195.33143615722656,108999000
"2026-07-07",192.3699951171875,198.41000366210938,191.13999938964844,196.92999267578125,196.7098846435547,124154600
"2026-07-08",195.17999267578125,205.16000366210938,195.05999755859375,204.1199951171875,203.891845703125,147419100
"2026-07-09",204.4600067138672,204.58999633789062,198.9600067138672,202.77999877929688,202.5533447265625,132037400
"2026-07-10",202.0,211.0,201.9199981689453,210.9600067138672,210.72421264648438,148421000
"2026-07-13",208.5399932861328,210.57000732421875,203.0,203.52999877929688,203.30250549316406,121411000
"2026-07-14",208.1999969482422,212.5500030517578,203.8000030517578,211.8000030517578,211.5632781982422,124379600
"2026-07-15",211.9600067138672,213.80999755859375,206.0399932861328,212.5,212.26248168945312,124797200
"2026-07-16",210.1699981689453,211.0800018310547,205.85000610351562,207.39999389648438,207.16818237304688,122986100
"2026-07-17",202.63999938964844,206.64999389648438,197.97000122070312,202.80999755859375,202.58331298828125,144281900
"2026-07-20",205.8699951171875,207.74000549316406,202.27999877929688,203.27999877929688,203.05279541015625,88701500
"2026-07-21",207.5399932861328,208.64999389648438,204.00999450683594,207.2899932861328,207.0583038330078,108685600
"2026-07-22",205.80999755859375,214.38999938964844,204.9499969482422,212.05999755859375,211.82298278808594,137645600
"2026-07-23",209.4600067138672,210.8699951171875,205.9600067138672,208.75999450683594,208.5266571044922,110505300
"2026-07-24",207.4499969482422,211.91000366210938,204.80999755859375,206.83999633789062,206.6088104248047,114836800
"2026-07-27",208.1999969482422,208.75,195.44000244140625,196.50999450683594,196.2903594970703,154353700
"2026-07-28",195.0,198.6999969482422,192.74000549316406,197.00999450683594,196.789794921875,134111500
"2026-07-29",195.85000610351562,197.07000732421875,190.00999450683594,190.00999450683594,189.79762268066406,147680800
"2026-07-30",193.4499969482422,197.25,191.52000427246094,195.0399932861328,194.82199096679688,129010200
"2026-07-31",198.44000244140625,202.0,194.9499969482422,200.75,200.52561950683594,139961200
"2026-08-03",197.69000244140625,208.74000549316406,196.85000610351562,206.63999938964844,206.40904235839844,128406900
"2026-08-04",211.3000030517578,213.05999755859375,209.0500030517578,211.94000244140625,211.70310974121094,134922000
"2026-08-05",216.86000061035156,222.22000122070312,216.39999389648438,219.22000122070312,218.9749755859375,158187400
"2026-08-06",221.52999877929688,223.6300048828125,217.0,218.99000549316406,218.7452392578125,113940600
"2026-08-07",221.5399932861328,224.75999450683594,220.66000366210938,223.9600067138672,223.70968627929688,105669400
"2026-08-10",223.39999389648438,224.13999938964844,216.77000427246094,217.5500030517578,217.3068389892578,115846600
"2026-08-11",222.1699981689453,222.1999969482422,216.1999969482422,217.5,217.25689697265625,101273100
"2026-08-12",221.0399932861328,225.10000610351562,220.1999969482422,224.08999633789062,223.8395233154297,108783600
"2026-08-13",225.05999755859375,227.22999572753906,223.7100067138672,225.3000030517578,225.04818725585938,98867200
"2026-08-14",226.77000427246094,227.49000549316406,224.5,225.16000366210938,224.90834045410156,75680900
"2026-08-17",225.97999572753906,227.9199981689453,224.86000061035156,225.00999450683594,224.7584991455078,93678700
"2026-08-18",220.4499969482422,221.63999938964844,218.69000244140625,219.74000549316406,219.49440002441406,103128200
"2026-08-19",221.6699981689453,222.8699951171875,216.75999450683594,217.55999755859375,217.31683349609375,96797300
"2026-08-20",218.36000061035156,219.86000061035156,215.66000366210938,216.85000610351562,216.60763549804688,92457000
"2026-08-21",218.4199981689453,218.74000549316406,214.5,214.72000122070312,214.48001098632812,98869300
"2026-08-24",215.52999877929688,215.58999633789062,207.25,208.47999572753906,208.24697875976562,135187300
"2026-08-25",211.02999877929688,214.72999572753906,210.11000061035156,213.0500030517578,212.81187438964844,122309000
"2026-08-26",212.63999938964844,213.60000610351562,209.22999572753906,209.66000366210938,209.4256591796875,179900000
"2026-08-27",222.86000061035156,230.47000122070312,220.89999389648438,227.97999572753906,227.7251739501953,298909800
"2026-08-28",227.36000061035156,229.25999450683594,216.80999755859375,217.5500030517578,217.3068389892578,195116400
"2026-08-31",218.8699951171875,221.3000030517578,216.2100067138672,220.77999877929688,220.53323364257812,124702700
"2026-09-01",216.75,220.41000366210938,215.10000610351562,217.44000244140625,217.1969757080078,109756200
"2026-09-02",218.7899932861328,227.9499969482422,218.47999572753906,224.41000366210938,224.1591796875,157104700
"2026-09-03",226.02000427246094,230.39999389648438,224.75,228.4499969482422,228.1946563720703,134681600
"2026-09-04",231.08999633789062,234.75999450683594,229.6300048828125,230.36000061035156,230.10252380371094,135352400
"2026-09-08",233.11000061035156,233.7100067138672,224.85000610351562,225.72999572753906,225.47769165039062,122965600
"2026-09-09",225.27999877929688,226.17999267578125,223.4600067138672,223.6699981689453,223.4199981689453,82955500
"2026-09-10",220.52999877929688,220.99000549316406,217.1999969482422,218.36000061035156,218.36000061035156,105768000
"2026-09-11",221.24000549316406,222.0,218.14999389648438,218.2899932861328,218.2899932861328,89060100
"2026-09-14",211.24000549316406,212.77000427246094,208.92999267578125,210.9600067138672,210.9600067138672,132267200
"2026-09-15",213.3800048828125,213.94000244140625,211.16000366210938,212.1699981689453,212.1699981689453,88059700
"2026-09-16",214.13999938964844,216.75999450683594,212.5,213.89999389648438,213.89999389648438,96563600
"2026-09-17",218.3800048828125,219.91000366210938,217.14999389648438,219.33999633789062,219.33999633789062,94191300
"2026-09-18",219.35000610351562,222.72999572753906,218.02999877929688,222.27000427246094,222.27000427246094,189683500
